INSERT INTO `consultant` (nom,prenom,email,telephone,adresse,ville,province,code_postal,salt,hash,disponible,entreprise) 
VALUES 
('Consultant','Numéro11','consultant.numero11@consultant.com','(438) 123-4567','123 Sainte Catherine','Montréal','Québec','H2S 2P2','Secret123','Secret123',1,'Recrutement TI'),
('Consultant','Numéro12','consultant.numero12@consultant.com','(438) 123-4567','123 Sainte Catherine','Montréal','Québec','H2S 2P2','Secret123','Secret123',1,'Recrutement TI'),
('Consultant','Numéro13','consultant.numero13@consultant.com','(438) 123-4567','123 Sainte Catherine','Montréal','Québec','H2S 2P2','Secret123','Secret123',1,'Recrutement TI'),
('Consultant','Numéro14','consultant.numero14@consultant.com','(438) 123-4567','123 Sainte Catherine','Montréal','Québec','H2S 2P2','Secret123','Secret123',1,'Recrutement TI'),
('Consultant','Numéro15','consultant.numero15@consultant.com','(438) 123-4567','123 Sainte Catherine','Montréal','Québec','H2S 2P2','Secret123','Secret123',1,'Recrutement TI'),
('Consultant','Numéro16','consultant.numero16@consultant.com','(438) 123-4567','123 Sainte Catherine','Montréal','Québec','H2S 2P2','Secret123','Secret123',1,'Recrutement TI'),
('Consultant','Numéro17','consultant.numero17@consultant.com','(438) 123-4567','123 Sainte Catherine','Montréal','Québec','H2S 2P2','Secret123','Secret123',1,'Recrutement TI'),
('Consultant','Numéro18','consultant.numero18@consultant.com','(438) 123-4567','123 Sainte Catherine','Montréal','Québec','H2S 2P2','Secret123','Secret123',1,'Recrutement TI'),
('Consultant','Numéro19','consultant.numero19@consultant.com','(438) 123-4567','123 Sainte Catherine','Montréal','Québec','H2S 2P2','Secret123','Secret123',1,'Recrutement TI'),
('Consultant','Numéro20','consultant.numero20@consultant.com','(438) 123-4567','123 Sainte Catherine','Montréal','Québec','H2S 2P2','Secret123','Secret123',1,'Recrutement TI'),
('Consultant','Numéro21','consultant.numero21@consultant.com','(438) 123-4567','123 Sainte Catherine','Montréal','Québec','H2S 2P2','Secret123','Secret123',1,'Recrutement TI'),
('Consultant','Numéro22','consultant.numero22@consultant.com','(438) 123-4567','123 Sainte Catherine','Montréal','Québec','H2S 2P2','Secret123','Secret123',1,'Recrutement TI'),
('Consultant','Numéro23','consultant.numero23@consultant.com','(438) 123-4567','123 Sainte Catherine','Montréal','Québec','H2S 2P2','Secret123','Secret123',1,'Recrutement TI'),
('Consultant','Numéro24','consultant.numero24@consultant.com','(438) 123-4567','123 Sainte Catherine','Montréal','Québec','H2S 2P2','Secret123','Secret123',1,'Recrutement TI'),
('Consultant','Numéro25','consultant.numero25@consultant.com','(438) 123-4567','123 Sainte Catherine','Montréal','Québec','H2S 2P2','Secret123','Secret123',1,'Recrutement TI'),
('Consultant','Numéro26','consultant.numero26@consultant.com','(438) 123-4567','123 Sainte Catherine','Montréal','Québec','H2S 2P2','Secret123','Secret123',1,'Recrutement TI'),
('Consultant','Numéro27','consultant.numero27@consultant.com','(438) 123-4567','123 Sainte Catherine','Montréal','Québec','H2S 2P2','Secret123','Secret123',1,'Recrutement TI'),
('Consultant','Numéro28','consultant.numero28@consultant.com','(438) 123-4567','123 Sainte Catherine','Montréal','Québec','H2S 2P2','Secret123','Secret123',1,'Recrutement TI'),
('Consultant','Numéro29','consultant.numero29@consultant.com','(438) 123-4567','123 Sainte Catherine','Montréal','Québec','H2S 2P2','Secret123','Secret123',1,'Recrutement TI'),
('Consultant','Numéro30','consultant.numero30@consultant.com','(438) 123-4567','123 Sainte Catherine','Montréal','Québec','H2S 2P2','Secret123','Secret123',1,'Recrutement TI'),
('Consultant','Numéro31','consultant.numero31@consultant.com','(438) 123-4567','123 Sainte Catherine','Montréal','Québec','H2S 2P2','Secret123','Secret123',1,'Recrutement TI'),
('Consultant','Numéro32','consultant.numero32@consultant.com','(438) 123-4567','123 Sainte Catherine','Montréal','Québec','H2S 2P2','Secret123','Secret123',1,'Recrutement TI'),
('Consultant','Numéro33','consultant.numero33@consultant.com','(438) 123-4567','123 Sainte Catherine','Montréal','Québec','H2S 2P2','Secret123','Secret123',1,'Recrutement TI'),
('Consultant','Numéro34','consultant.numero34@consultant.com','(438) 123-4567','123 Sainte Catherine','Montréal','Québec','H2S 2P2','Secret123','Secret123',1,'Recrutement TI'),
('Consultant','Numéro35','consultant.numero35@consultant.com','(438) 123-4567','123 Sainte Catherine','Montréal','Québec','H2S 2P2','Secret123','Secret123',1,'Recrutement TI'),
('Consultant','Numéro36','consultant.numero36@consultant.com','(438) 123-4567','123 Sainte Catherine','Montréal','Québec','H2S 2P2','Secret123','Secret123',1,'Recrutement TI'),
('Consultant','Numéro37','consultant.numero37@consultant.com','(438) 123-4567','123 Sainte Catherine','Montréal','Québec','H2S 2P2','Secret123','Secret123',1,'Recrutement TI'),
('Consultant','Numéro38','consultant.numero38@consultant.com','(438) 123-4567','123 Sainte Catherine','Montréal','Québec','H2S 2P2','Secret123','Secret123',1,'Recrutement TI'),
('Consultant','Numéro39','consultant.numero39@consultant.com','(438) 123-4567','123 Sainte Catherine','Montréal','Québec','H2S 2P2','Secret123','Secret123',1,'Recrutement TI'),
('Consultant','Numéro40','consultant.numero40@consultant.com','(438) 123-4567','123 Sainte Catherine','Montréal','Québec','H2S 2P2','Secret123','Secret123',1,'Recrutement TI'),
('Consultant','Numéro41','consultant.numero41@consultant.com','(438) 123-4567','123 Sainte Catherine','Montréal','Québec','H2S 2P2','Secret123','Secret123',1,'Recrutement TI'),
('Consultant','Numéro42','consultant.numero42@consultant.com','(438) 123-4567','123 Sainte Catherine','Montréal','Québec','H2S 2P2','Secret123','Secret123',1,'Recrutement TI'),
('Consultant','Numéro43','consultant.numero43@consultant.com','(438) 123-4567','123 Sainte Catherine','Montréal','Québec','H2S 2P2','Secret123','Secret123',1,'Recrutement TI'),
('Consultant','Numéro44','consultant.numero44@consultant.com','(438) 123-4567','123 Sainte Catherine','Montréal','Québec','H2S 2P2','Secret123','Secret123',1,'Recrutement TI'),
('Consultant','Numéro45','consultant.numero45@consultant.com','(438) 123-4567','123 Sainte Catherine','Montréal','Québec','H2S 2P2','Secret123','Secret123',1,'Recrutement TI'),
('Consultant','Numéro46','consultant.numero46@consultant.com','(438) 123-4567','123 Sainte Catherine','Montréal','Québec','H2S 2P2','Secret123','Secret123',1,'Recrutement TI'),
('Consultant','Numéro47','consultant.numero47@consultant.com','(438) 123-4567','123 Sainte Catherine','Montréal','Québec','H2S 2P2','Secret123','Secret123',1,'Recrutement TI'),
('Consultant','Numéro48','consultant.numero48@consultant.com','(438) 123-4567','123 Sainte Catherine','Montréal','Québec','H2S 2P2','Secret123','Secret123',1,'Recrutement TI'),
('Consultant','Numéro49','consultant.numero49@consultant.com','(438) 123-4567','123 Sainte Catherine','Montréal','Québec','H2S 2P2','Secret123','Secret123',1,'Recrutement TI'),
('Consultant','Numéro50','consultant.numero50@consultant.com','(438) 123-4567','123 Sainte Catherine','Montréal','Québec','H2S 2P2','Secret123','Secret123',1,'Recrutement TI'),
('Consultant','Numéro51','consultant.numero51@consultant.com','(438) 123-4567','123 Sainte Catherine','Montréal','Québec','H2S 2P2','Secret123','Secret123',1,'Recrutement TI'),
('Consultant','Numéro52','consultant.numero52@consultant.com','(438) 123-4567','123 Sainte Catherine','Montréal','Québec','H2S 2P2','Secret123','Secret123',1,'Recrutement TI'),
('Consultant','Numéro53','consultant.numero53@consultant.com','(438) 123-4567','123 Sainte Catherine','Montréal','Québec','H2S 2P2','Secret123','Secret123',1,'Recrutement TI'),
('Consultant','Numéro54','consultant.numero54@consultant.com','(438) 123-4567','123 Sainte Catherine','Montréal','Québec','H2S 2P2','Secret123','Secret123',1,'Recrutement TI'),
('Consultant','Numéro55','consultant.numero55@consultant.com','(438) 123-4567','123 Sainte Catherine','Montréal','Québec','H2S 2P2','Secret123','Secret123',1,'Recrutement TI'),
('Consultant','Numéro56','consultant.numero56@consultant.com','(438) 123-4567','123 Sainte Catherine','Montréal','Québec','H2S 2P2','Secret123','Secret123',1,'Recrutement TI'),
('Consultant','Numéro57','consultant.numero57@consultant.com','(438) 123-4567','123 Sainte Catherine','Montréal','Québec','H2S 2P2','Secret123','Secret123',1,'Recrutement TI'),
('Consultant','Numéro58','consultant.numero58@consultant.com','(438) 123-4567','123 Sainte Catherine','Montréal','Québec','H2S 2P2','Secret123','Secret123',1,'Recrutement TI'),
('Consultant','Numéro59','consultant.numero59@consultant.com','(438) 123-4567','123 Sainte Catherine','Montréal','Québec','H2S 2P2','Secret123','Secret123',1,'Recrutement TI'),
('Consultant','Numéro60','consultant.numero60@consultant.com','(438) 123-4567','123 Sainte Catherine','Montréal','Québec','H2S 2P2','Secret123','Secret123',1,'Recrutement TI'),
('Consultant','Numéro61','consultant.numero61@consultant.com','(438) 123-4567','123 Sainte Catherine','Montréal','Québec','H2S 2P2','Secret123','Secret123',1,'Recrutement TI'),
('Consultant','Numéro62','consultant.numero62@consultant.com','(438) 123-4567','123 Sainte Catherine','Montréal','Québec','H2S 2P2','Secret123','Secret123',1,'Recrutement TI'),
('Consultant','Numéro63','consultant.numero63@consultant.com','(438) 123-4567','123 Sainte Catherine','Montréal','Québec','H2S 2P2','Secret123','Secret123',1,'Recrutement TI'),
('Consultant','Numéro64','consultant.numero64@consultant.com','(438) 123-4567','123 Sainte Catherine','Montréal','Québec','H2S 2P2','Secret123','Secret123',1,'Recrutement TI'),
('Consultant','Numéro65','consultant.numero65@consultant.com','(438) 123-4567','123 Sainte Catherine','Montréal','Québec','H2S 2P2','Secret123','Secret123',1,'Recrutement TI'),
('Consultant','Numéro66','consultant.numero66@consultant.com','(438) 123-4567','123 Sainte Catherine','Montréal','Québec','H2S 2P2','Secret123','Secret123',1,'Recrutement TI'),
('Consultant','Numéro67','consultant.numero67@consultant.com','(438) 123-4567','123 Sainte Catherine','Montréal','Québec','H2S 2P2','Secret123','Secret123',1,'Recrutement TI'),
('Consultant','Numéro68','consultant.numero68@consultant.com','(438) 123-4567','123 Sainte Catherine','Montréal','Québec','H2S 2P2','Secret123','Secret123',1,'Recrutement TI'),
('Consultant','Numéro69','consultant.numero69@consultant.com','(438) 123-4567','123 Sainte Catherine','Montréal','Québec','H2S 2P2','Secret123','Secret123',1,'Recrutement TI'),
('Consultant','Numéro70','consultant.numero70@consultant.com','(438) 123-4567','123 Sainte Catherine','Montréal','Québec','H2S 2P2','Secret123','Secret123',1,'Recrutement TI');

INSERT INTO `client` (nom_client,entreprise,telephone,adresse) 
VALUES 
('Ubisoft','Recrutement TI','(514) 123-4567','123 Sainte Catherine, Montréal, QC H2Y 1C6'),
('Google','Recrutement TI','(514) 123-4567','123 Sainte Catherine, Montréal, QC H2Y 1C6'),
('Microsoft','Recrutement TI','(514) 123-4567','123 Sainte Catherine, Montréal, QC H2Y 1C6'),
('Apple','Recrutement TI','(514) 123-4567','123 Sainte Catherine, Montréal, QC H2Y 1C6'),
('Samsung','Recrutement TI','(514) 123-4567','123 Sainte Catherine, Montréal, QC H2Y 1C6'),
('Philips','Recrutement TI','(514) 123-4567','123 Sainte Catherine, Montréal, QC H2Y 1C6'),
('HP','Recrutement TI','(514) 123-4567','123 Sainte Catherine, Montréal, QC H2Y 1C6'),
('Sony','Recrutement TI','(514) 123-4567','123 Sainte Catherine, Montréal, QC H2Y 1C6'),
('HTC','Recrutement TI','(514) 123-4567','123 Sainte Catherine, Montréal, QC H2Y 1C6'),
('Hydro Québec','Recrutement TI','(514) 123-4567','123 Sainte Catherine, Montréal, QC H2Y 1C6'),
('Rogers','Recrutement TI','(514) 123-4567','123 Sainte Catherine, Montréal, QC H2Y 1C6'),
('Bell','Recrutement TI','(514) 123-4567','123 Sainte Catherine, Montréal, QC H2Y 1C6'),
('Telus','Recrutement TI','(514) 123-4567','123 Sainte Catherine, Montréal, QC H2Y 1C6'),
('Fido','Recrutement TI','(514) 123-4567','123 Sainte Catherine, Montréal, QC H2Y 1C6'),
('Koodoo','Recrutement TI','(514) 123-4567','123 Sainte Catherine, Montréal, QC H2Y 1C6'),
('LG','Recrutement TI','(514) 123-4567','123 Sainte Catherine, Montréal, QC H2Y 1C6'),
('Bose','Recrutement TI','(514) 123-4567','123 Sainte Catherine, Montréal, QC H2Y 1C6'),
('Nvidia','Recrutement TI','(514) 123-4567','123 Sainte Catherine, Montréal, QC H2Y 1C6'),
('Razer','Recrutement TI','(514) 123-4567','123 Sainte Catherine, Montréal, QC H2Y 1C6'),
('UQAM','Recrutement TI','(514) 123-4567','123 Sainte Catherine, Montréal, QC H2Y 1C6'),
('UQAC','Recrutement TI','(514) 123-4567','123 Sainte Catherine, Montréal, QC H2Y 1C6'),
('UQTR','Recrutement TI','(514) 123-4567','123 Sainte Catherine, Montréal, QC H2Y 1C6'),
('UQAR','Recrutement TI','(514) 123-4567','123 Sainte Catherine, Montréal, QC H2Y 1C6'),
('Activision','Recrutement TI','(514) 123-4567','123 Sainte Catherine, Montréal, QC H2Y 1C6'),
('Electronic Arts','Recrutement TI','(514) 123-4567','123 Sainte Catherine, Montréal, QC H2Y 1C6');

INSERT INTO `contact` (nom,prenom,email,telephone,fonction,client,entreprise,salt,hash)
VALUES 
('Contact','Numero20','contact.numero20@contact.com','(514) 123-4567','rh','Ubisoft','Recrutement TI','Secret123','Secret123'),
('Contact','Numero21','contact.numero21@contact.com','(514) 123-4567','rh','Google','Recrutement TI','Secret123','Secret123'),
('Contact','Numero22','contact.numero22@contact.com','(514) 123-4567','rh','Microsoft','Recrutement TI','Secret123','Secret123'),
('Contact','Numero23','contact.numero23@contact.com','(514) 123-4567','rh','Apple','Recrutement TI','Secret123','Secret123'),
('Contact','Numero24','contact.numero24@contact.com','(514) 123-4567','rh','Samsung','Recrutement TI','Secret123','Secret123'),
('Contact','Numero25','contact.numero25@contact.com','(514) 123-4567','rh','Philips','Recrutement TI','Secret123','Secret123'),
('Contact','Numero26','contact.numero26@contact.com','(514) 123-4567','rh','HP','Recrutement TI','Secret123','Secret123'),
('Contact','Numero27','contact.numero27@contact.com','(514) 123-4567','rh','Sony','Recrutement TI','Secret123','Secret123'),
('Contact','Numero28','contact.numero28@contact.com','(514) 123-4567','rh','HTC','Recrutement TI','Secret123','Secret123'),
('Contact','Numero29','contact.numero29@contact.com','(514) 123-4567','rh','Hydro Québec','Recrutement TI','Secret123','Secret123'),
('Contact','Numero30','contact.numero30@contact.com','(514) 123-4567','rh','Rogers','Recrutement TI','Secret123','Secret123'),
('Contact','Numero31','contact.numero31@contact.com','(514) 123-4567','rh','Bell','Recrutement TI','Secret123','Secret123'),
('Contact','Numero32','contact.numero32@contact.com','(514) 123-4567','rh','Telus','Recrutement TI','Secret123','Secret123'),
('Contact','Numero33','contact.numero33@contact.com','(514) 123-4567','rh','Fido','Recrutement TI','Secret123','Secret123'),
('Contact','Numero34','contact.numero34@contact.com','(514) 123-4567','rh','Koodoo','Recrutement TI','Secret123','Secret123'),
('Contact','Numero35','contact.numero35@contact.com','(514) 123-4567','rh','LG','Recrutement TI','Secret123','Secret123'),
('Contact','Numero36','contact.numero36@contact.com','(514) 123-4567','rh','Bose','Recrutement TI','Secret123','Secret123'),
('Contact','Numero37','contact.numero37@contact.com','(514) 123-4567','rh','Nvidia','Recrutement TI','Secret123','Secret123'),
('Contact','Numero38','contact.numero38@contact.com','(514) 123-4567','rh','Razer','Recrutement TI','Secret123','Secret123'),
('Contact','Numero39','contact.numero39@contact.com','(514) 123-4567','rh','UQAM','Recrutement TI','Secret123','Secret123'),
('Contact','Numero40','contact.numero40@contact.com','(514) 123-4567','rh','UQAC','Recrutement TI','Secret123','Secret123'),
('Contact','Numero41','contact.numero41@contact.com','(514) 123-4567','rh','UQTR','Recrutement TI','Secret123','Secret123'),
('Contact','Numero42','contact.numero42@contact.com','(514) 123-4567','rh','UQAR','Recrutement TI','Secret123','Secret123'),
('Contact','Numero43','contact.numero43@contact.com','(514) 123-4567','rh','Activision','Recrutement TI','Secret123','Secret123'),
('Contact','Numero44','contact.numero44@contact.com','(514) 123-4567','rh','Electronic Arts','Recrutement TI','Secret123','Secret123');


INSERT INTO `demande` (,date_demande,titre,details,date_d,duree,client,contact) 
VALUES 
('2019-04-13','Architecte Logiciel','Architect Logiciel C++/JAVA','2019-04-13','12 mois','Ubisoft','contact.numero20@contact.com'),
('2019-04-13','Analyste Developpeur','Developpeur web','2019-04-13','12 mois','Google','contact.numero21@contact.com'),
('2019-04-13','Architecte Logiciel','Architect Logiciel C++/JAVA','2019-04-13','12 mois','Microsoft','contact.numero22@contact.com'),
('2019-04-13','Architecte Logiciel','Architect Logiciel C++/JAVA','2019-04-13','12 mois','Apple','contact.numero23@contact.com'),
('2019-04-13','Architecte Logiciel','Architect Logiciel C++/JAVA','2019-04-13','12 mois','Samsung','contact.numero24@contact.com'),
('2019-04-13','Architecte Logiciel','Architect Logiciel C++/JAVA','2019-04-13','12 mois','Philips','contact.numero25@contact.com'),
('2019-04-13','Architecte Logiciel','Architect Logiciel C++/JAVA','2019-04-13','12 mois','HP','contact.numero26@contact.com'),
('2019-04-13','Architecte Logiciel','Architect Logiciel C++/JAVA','2019-04-13','12 mois','Sony','contact.numero27@contact.com'),
('2019-04-13','Architecte Logiciel','Architect Logiciel C++/JAVA','2019-04-13','12 mois','HTC','contact.numero28@contact.com'),
('2019-04-13','Architecte Logiciel','Architect Logiciel C++/JAVA','2019-04-13','12 mois','Hydro Québec','contact.numero29@contact.com'),
('2019-04-13','Architecte Logiciel','Architect Logiciel C++/JAVA','2019-04-13','12 mois','Rogers','contact.numero30@contact.com'),
('2019-04-13','Architecte Logiciel','Architect Logiciel C++/JAVA','2019-04-13','12 mois','Bell','contact.numero31@contact.com'),
('2019-04-13','Architecte Logiciel','Architect Logiciel C++/JAVA','2019-04-13','12 mois','Telus','contact.numero32@contact.com'),
('2019-04-13','Architecte Logiciel','Architect Logiciel C++/JAVA','2019-04-13','12 mois','Fido','contact.numero33@contact.com'),
('2019-04-13','Architecte Logiciel','Architect Logiciel C++/JAVA','2019-04-13','12 mois','Koodoo','contact.numero34@contact.com'),
('2019-04-13','Architecte Logiciel','Architect Logiciel C++/JAVA','2019-04-13','12 mois','LG','contact.numero35@contact.com'),
('2019-04-13','Architecte Logiciel','Architect Logiciel C++/JAVA','2019-04-13','12 mois','Bose','contact.numero36@contact.com'),
('2019-04-13','Architecte Logiciel','Architect Logiciel C++/JAVA','2019-04-13','12 mois','Nvidia','contact.numero37@contact.com'),
('2019-04-13','Architecte Logiciel','Architect Logiciel C++/JAVA','2019-04-13','12 mois','Razer','contact.numero38@contact.com'),
('2019-04-13','Architecte Logiciel','Architect Logiciel C++/JAVA','2019-04-13','12 mois','UQAM','contact.numero39@contact.com'),
('2019-04-13','Architecte Logiciel','Architect Logiciel C++/JAVA','2019-04-13','12 mois','UQAC','contact.numero40@contact.com'),
('2019-04-13','Architecte Logiciel','Architect Logiciel C++/JAVA','2019-04-13','12 mois','UQTR','contact.numero41@contact.com'),
('2019-04-13','Architecte Logiciel','Architect Logiciel C++/JAVA','2019-04-13','12 mois','UQAR','contact.numero42@contact.com'),
('2019-04-13','Architecte Logiciel','Architect Logiciel C++/JAVA','2019-04-13','12 mois','Activision','contact.numero43@contact.com'),
('2019-04-13','Architecte Logiciel','Architect Logiciel C++/JAVA','2019-04-13','12 mois','Electronic Arts','contact.numero44@contact.com'),
('2019-04-13','Architecte Logiciel','Architect Logiciel C++/JAVA','2019-04-13','12 mois','Ubisoft','contact.numero20@contact.com'),
('2019-04-13','Architecte Logiciel','Architect Logiciel C++/JAVA','2019-04-13','12 mois','Google','contact.numero21@contact.com'),
('2019-04-13','Architecte Logiciel','Architect Logiciel C++/JAVA','2019-04-13','12 mois','Microsoft','contact.numero22@contact.com'),
('2019-04-13','Architecte Logiciel','Architect Logiciel C++/JAVA','2019-04-13','12 mois','Apple','contact.numero23@contact.com'),
('2019-04-13','Architecte Logiciel','Architect Logiciel C++/JAVA','2019-04-13','12 mois','Samsung','contact.numero24@contact.com'),
('2019-04-13','Architecte Logiciel','Architect Logiciel C++/JAVA','2019-04-13','12 mois','Philips','contact.numero25@contact.com'),
('2019-04-13','Architecte Logiciel','Architect Logiciel C++/JAVA','2019-04-13','12 mois','HP','contact.numero26@contact.com'),
('2019-04-13','Architecte Logiciel','Architect Logiciel C++/JAVA','2019-04-13','12 mois','Sony','contact.numero27@contact.com'),
('2019-04-13','Architecte Logiciel','Architect Logiciel C++/JAVA','2019-04-13','12 mois','HTC','contact.numero28@contact.com'),
('2019-04-13','Architecte Logiciel','Architect Logiciel C++/JAVA','2019-04-13','12 mois','Hydro Québec','contact.numero29@contact.com'),
('2019-04-13','Architecte Logiciel','Architect Logiciel C++/JAVA','2019-04-13','12 mois','Rogers','contact.numero30@contact.com'),
('2019-04-13','Architecte Logiciel','Architect Logiciel C++/JAVA','2019-04-13','12 mois','Bell','contact.numero31@contact.com'),
('2019-04-13','Architecte Logiciel','Architect Logiciel C++/JAVA','2019-04-13','12 mois','Telus','contact.numero32@contact.com'),
('2019-04-13','Architecte Logiciel','Architect Logiciel C++/JAVA','2019-04-13','12 mois','Fido','contact.numero33@contact.com'),
('2019-04-13','Architecte Logiciel','Architect Logiciel C++/JAVA','2019-04-13','12 mois','Koodoo','contact.numero34@contact.com'),
('2019-04-13','Architecte Logiciel','Architect Logiciel C++/JAVA','2019-04-13','12 mois','LG','contact.numero35@contact.com'),
('2019-04-13','Architecte Logiciel','Architect Logiciel C++/JAVA','2019-04-13','12 mois','Bose','contact.numero36@contact.com'),
('2019-04-13','Architecte Logiciel','Architect Logiciel C++/JAVA','2019-04-13','12 mois','Nvidia','contact.numero37@contact.com'),
('2019-04-13','Architecte Logiciel','Architect Logiciel C++/JAVA','2019-04-13','12 mois','Razer','contact.numero38@contact.com'),
('2019-04-13','Architecte Logiciel','Architect Logiciel C++/JAVA','2019-04-13','12 mois','UQAM','contact.numero39@contact.com'),
('2019-04-13','Architecte Logiciel','Architect Logiciel C++/JAVA','2019-04-13','12 mois','UQAC','contact.numero40@contact.com'),
('2019-04-13','Architecte Logiciel','Architect Logiciel C++/JAVA','2019-04-13','12 mois','UQTR','contact.numero41@contact.com'),
('2019-04-13','Architecte Logiciel','Architect Logiciel C++/JAVA','2019-04-13','12 mois','UQAR','contact.numero42@contact.com'),
('2019-04-13','Architecte Logiciel','Architect Logiciel C++/JAVA','2019-04-13','12 mois','Activision','contact.numero43@contact.com'),
('2019-04-13','Architecte Logiciel','Architect Logiciel C++/JAVA','2019-04-13','12 mois','Electronic Arts','contact.numero44@contact.com'),
('2019-04-13','Architecte Logiciel','Architect Logiciel C++/JAVA','2019-04-13','12 mois','Ubisoft','contact.numero20@contact.com'),
('2019-04-13','Architecte Logiciel','Architect Logiciel C++/JAVA','2019-04-13','12 mois','Google','contact.numero21@contact.com'),
('2019-04-13','Architecte Logiciel','Architect Logiciel C++/JAVA','2019-04-13','12 mois','Microsoft','contact.numero22@contact.com'),
('2019-04-13','Architecte Logiciel','Architect Logiciel C++/JAVA','2019-04-13','12 mois','Apple','contact.numero23@contact.com'),
('2019-04-13','Architecte Logiciel','Architect Logiciel C++/JAVA','2019-04-13','12 mois','Samsung','contact.numero24@contact.com'),
('2019-04-13','Architecte Logiciel','Architect Logiciel C++/JAVA','2019-04-13','12 mois','Philips','contact.numero25@contact.com'),
('2019-04-13','Architecte Logiciel','Architect Logiciel C++/JAVA','2019-04-13','12 mois','HP','contact.numero26@contact.com'),
('2019-04-13','Architecte Logiciel','Architect Logiciel C++/JAVA','2019-04-13','12 mois','Sony','contact.numero27@contact.com'),
('2019-04-13','Architecte Logiciel','Architect Logiciel C++/JAVA','2019-04-13','12 mois','HTC','contact.numero28@contact.com'),
('2019-04-13','Architecte Logiciel','Architect Logiciel C++/JAVA','2019-04-13','12 mois','Hydro Québec','contact.numero29@contact.com');


INSERT INTO `soumission` (date_soumission,recruteur,client,consultant,demande_id,taux_horaire,duree,details)
VALUES 
('2019-04-13','charles.dupond@recrutement.ca','Ubisoft','consultant.numero11@consultant.com',10,100,'12 mois','Renouvelable'),
('2019-04-13','charles.dupond@recrutement.ca','Google','consultant.numero12@consultant.com',11,100,'12 mois','Renouvelable'),
('2019-04-13','charles.dupond@recrutement.ca','Microsoft','consultant.numero13@consultant.com',12,100,'12 mois','Renouvelable'),
('2019-04-13','charles.dupond@recrutement.ca','Apple','consultant.numero14@consultant.com',13,100,'12 mois','Renouvelable'),
('2019-04-13','charles.dupond@recrutement.ca','Samsung','consultant.numero15@consultant.com',14,100,'12 mois','Renouvelable'),
('2019-04-13','charles.dupond@recrutement.ca','Philips','consultant.numero16@consultant.com',15,100,'12 mois','Renouvelable'),
('2019-04-13','charles.dupond@recrutement.ca','HP','consultant.numero17@consultant.com',16,100,'12 mois','Renouvelable'),
('2019-04-13','charles.dupond@recrutement.ca','Sony','consultant.numero18@consultant.com',17,100,'12 mois','Renouvelable'),
('2019-04-13','charles.dupond@recrutement.ca','HTC','consultant.numero19@consultant.com',18,100,'12 mois','Renouvelable'),
('2019-04-13','charles.dupond@recrutement.ca','Hydro Québec','consultant.numero20@consultant.com',19,100,'12 mois','Renouvelable'),
('2019-04-13','charles.dupond@recrutement.ca','Rogers','consultant.numero21@consultant.com',20,100,'12 mois','Renouvelable'),
('2019-04-13','charles.dupond@recrutement.ca','Bell','consultant.numero22@consultant.com',21,100,'12 mois','Renouvelable'),
('2019-04-13','charles.dupond@recrutement.ca','Telus','consultant.numero23@consultant.com',22,100,'12 mois','Renouvelable'),
('2019-04-13','charles.dupond@recrutement.ca','Fido','consultant.numero24@consultant.com',23,100,'12 mois','Renouvelable'),
('2019-04-13','charles.dupond@recrutement.ca','Koodoo','consultant.numero25@consultant.com',24,100,'12 mois','Renouvelable'),
('2019-04-13','charles.dupond@recrutement.ca','LG','consultant.numero26@consultant.com',25,100,'12 mois','Renouvelable'),
('2019-04-13','charles.dupond@recrutement.ca','Bose','consultant.numero27@consultant.com',26,100,'12 mois','Renouvelable'),
('2019-04-13','charles.dupond@recrutement.ca','Nvidia','consultant.numero28@consultant.com',27,100,'12 mois','Renouvelable'),
('2019-04-13','charles.dupond@recrutement.ca','Razer','consultant.numero29@consultant.com',28,100,'12 mois','Renouvelable'),
('2019-04-13','charles.dupond@recrutement.ca','UQAM','consultant.numero30@consultant.com',29,100,'12 mois','Renouvelable'),
('2019-04-13','charles.dupond@recrutement.ca','UQAC','consultant.numero31@consultant.com',30,100,'12 mois','Renouvelable'),
('2019-04-13','charles.dupond@recrutement.ca','UQTR','consultant.numero32@consultant.com',31,100,'12 mois','Renouvelable'),
('2019-04-13','charles.dupond@recrutement.ca','UQAR','consultant.numero33@consultant.com',32,100,'12 mois','Renouvelable'),
('2019-04-13','charles.dupond@recrutement.ca','Activision','consultant.numero34@consultant.com',33,100,'12 mois','Renouvelable'),
('2019-04-13','charles.dupond@recrutement.ca','Electronic Arts','consultant.numero35@consultant.com',34,100,'12 mois','Renouvelable'),
('2019-04-13','charles.dupond@recrutement.ca','Ubisoft','consultant.numero36@consultant.com',35,100,'12 mois','Renouvelable'),
('2019-04-13','charles.dupond@recrutement.ca','Google','consultant.numero37@consultant.com',36,100,'12 mois','Renouvelable'),
('2019-04-13','charles.dupond@recrutement.ca','Microsoft','consultant.numero38@consultant.com',37,100,'12 mois','Renouvelable'),
('2019-04-13','charles.dupond@recrutement.ca','Apple','consultant.numero39@consultant.com',38,100,'12 mois','Renouvelable'),
('2019-04-13','charles.dupond@recrutement.ca','Samsung','consultant.numero40@consultant.com',39,100,'12 mois','Renouvelable'),
('2019-04-13','charles.dupond@recrutement.ca','Philips','consultant.numero41@consultant.com',40,100,'12 mois','Renouvelable'),
('2019-04-13','charles.dupond@recrutement.ca','HP','consultant.numero42@consultant.com',41,100,'12 mois','Renouvelable'),
('2019-04-13','charles.dupond@recrutement.ca','Sony','consultant.numero43@consultant.com',42,100,'12 mois','Renouvelable'),
('2019-04-13','charles.dupond@recrutement.ca','HTC','consultant.numero44@consultant.com',43,100,'12 mois','Renouvelable'),
('2019-04-13','charles.dupond@recrutement.ca','Hydro Québec','consultant.numero45@consultant.com',44,100,'12 mois','Renouvelable'),
('2019-04-13','charles.dupond@recrutement.ca','Rogers','consultant.numero46@consultant.com',45,100,'12 mois','Renouvelable'),
('2019-04-13','charles.dupond@recrutement.ca','Bell','consultant.numero47@consultant.com',46,100,'12 mois','Renouvelable'),
('2019-04-13','charles.dupond@recrutement.ca','Telus','consultant.numero48@consultant.com',47,100,'12 mois','Renouvelable'),
('2019-04-13','charles.dupond@recrutement.ca','Fido','consultant.numero49@consultant.com',48,100,'12 mois','Renouvelable'),
('2019-04-13','charles.dupond@recrutement.ca','Koodoo','consultant.numero50@consultant.com',49,100,'12 mois','Renouvelable'),
('2019-04-13','charles.dupond@recrutement.ca','LG','consultant.numero51@consultant.com',50,100,'12 mois','Renouvelable'),
('2019-04-13','charles.dupond@recrutement.ca','Bose','consultant.numero52@consultant.com',51,100,'12 mois','Renouvelable'),
('2019-04-13','charles.dupond@recrutement.ca','Nvidia','consultant.numero53@consultant.com',52,100,'12 mois','Renouvelable'),
('2019-04-13','charles.dupond@recrutement.ca','Razer','consultant.numero54@consultant.com',53,100,'12 mois','Renouvelable'),
('2019-04-13','charles.dupond@recrutement.ca','UQAM','consultant.numero55@consultant.com',54,100,'12 mois','Renouvelable'),
('2019-04-13','charles.dupond@recrutement.ca','UQAC','consultant.numero56@consultant.com',55,100,'12 mois','Renouvelable'),
('2019-04-13','charles.dupond@recrutement.ca','UQTR','consultant.numero57@consultant.com',56,100,'12 mois','Renouvelable'),
('2019-04-13','charles.dupond@recrutement.ca','UQAR','consultant.numero58@consultant.com',57,100,'12 mois','Renouvelable'),
('2019-04-13','charles.dupond@recrutement.ca','Activision','consultant.numero59@consultant.com',58,100,'12 mois','Renouvelable'),
('2019-04-13','charles.dupond@recrutement.ca','Electronic Arts','consultant.numero60@consultant.com',59,100,'12 mois','Renouvelable'),
('2019-04-13','charles.dupond@recrutement.ca','Ubisoft','consultant.numero61@consultant.com',60,100,'12 mois','Renouvelable'),
('2019-04-13','charles.dupond@recrutement.ca','Google','consultant.numero62@consultant.com',61,100,'12 mois','Renouvelable'),
('2019-04-13','charles.dupond@recrutement.ca','Microsoft','consultant.numero63@consultant.com',62,100,'12 mois','Renouvelable'),
('2019-04-13','charles.dupond@recrutement.ca','Apple','consultant.numero64@consultant.com',63,100,'12 mois','Renouvelable'),
('2019-04-13','charles.dupond@recrutement.ca','Samsung','consultant.numero65@consultant.com',64,100,'12 mois','Renouvelable'),
('2019-04-13','charles.dupond@recrutement.ca','Philips','consultant.numero66@consultant.com',65,100,'12 mois','Renouvelable'),
('2019-04-13','charles.dupond@recrutement.ca','HP','consultant.numero67@consultant.com',66,100,'12 mois','Renouvelable'),
('2019-04-13','charles.dupond@recrutement.ca','Sony','consultant.numero68@consultant.com',67,100,'12 mois','Renouvelable'),
('2019-04-13','charles.dupond@recrutement.ca','HTC','consultant.numero69@consultant.com',68,100,'12 mois','Renouvelable'),
('2019-04-13','charles.dupond@recrutement.ca','Hydro Québec','consultant.numero70@consultant.com',69,100,'12 mois','Renouvelable');


INSERT INTO `ordre_achat` (date_oa,date_debut,date_fin,soumission_id) 
VALUES 
('2019-04-13','2019-04-13','2019-04-13',10),
('2019-04-13','2019-04-13','2019-04-13',11),
('2019-04-13','2019-04-13','2019-04-13',12),
('2019-04-13','2019-04-13','2019-04-13',13),
('2019-04-13','2019-04-13','2019-04-13',14),
('2019-04-13','2019-04-13','2019-04-13',15),
('2019-04-13','2019-04-13','2019-04-13',16),
('2019-04-13','2019-04-13','2019-04-13',17),
('2019-04-13','2019-04-13','2019-04-13',18),
('2019-04-13','2019-04-13','2019-04-13',19),
('2019-04-13','2019-04-13','2019-04-13',20),
('2019-04-13','2019-04-13','2019-04-13',21),
('2019-04-13','2019-04-13','2019-04-13',22),
('2019-04-13','2019-04-13','2019-04-13',23),
('2019-04-13','2019-04-13','2019-04-13',24),
('2019-04-13','2019-04-13','2019-04-13',25),
('2019-04-13','2019-04-13','2019-04-13',26),
('2019-04-13','2019-04-13','2019-04-13',27),
('2019-04-13','2019-04-13','2019-04-13',28),
('2019-04-13','2019-04-13','2019-04-13',29),
('2019-04-13','2019-04-13','2019-04-13',30),
('2019-04-13','2019-04-13','2019-04-13',31),
('2019-04-13','2019-04-13','2019-04-13',32),
('2019-04-13','2019-04-13','2019-04-13',33),
('2019-04-13','2019-04-13','2019-04-13',34),
('2019-04-13','2019-04-13','2019-04-13',35),
('2019-04-13','2019-04-13','2019-04-13',36),
('2019-04-13','2019-04-13','2019-04-13',37),
('2019-04-13','2019-04-13','2019-04-13',38),
('2019-04-13','2019-04-13','2019-04-13',39),
('2019-04-13','2019-04-13','2019-04-13',40),
('2019-04-13','2019-04-13','2019-04-13',41),
('2019-04-13','2019-04-13','2019-04-13',42),
('2019-04-13','2019-04-13','2019-04-13',43),
('2019-04-13','2019-04-13','2019-04-13',44),
('2019-04-13','2019-04-13','2019-04-13',45),
('2019-04-13','2019-04-13','2019-04-13',46),
('2019-04-13','2019-04-13','2019-04-13',47),
('2019-04-13','2019-04-13','2019-04-13',48),
('2019-04-13','2019-04-13','2019-04-13',49),
('2019-04-13','2019-04-13','2019-04-13',50),
('2019-04-13','2019-04-13','2019-04-13',51),
('2019-04-13','2019-04-13','2019-04-13',52),
('2019-04-13','2019-04-13','2019-04-13',53),
('2019-04-13','2019-04-13','2019-04-13',54),
('2019-04-13','2019-04-13','2019-04-13',55),
('2019-04-13','2019-04-13','2019-04-13',56),
('2019-04-13','2019-04-13','2019-04-13',57),
('2019-04-13','2019-04-13','2019-04-13',58),
('2019-04-13','2019-04-13','2019-04-13',59),
('2019-04-13','2019-04-13','2019-04-13',60),
('2019-04-13','2019-04-13','2019-04-13',61),
('2019-04-13','2019-04-13','2019-04-13',62),
('2019-04-13','2019-04-13','2019-04-13',63),
('2019-04-13','2019-04-13','2019-04-13',64),
('2019-04-13','2019-04-13','2019-04-13',65),
('2019-04-13','2019-04-13','2019-04-13',66),
('2019-04-13','2019-04-13','2019-04-13',67),
('2019-04-13','2019-04-13','2019-04-13',68),
('2019-04-13','2019-04-13','2019-04-13',69);

INSERT INTO `dotation` (date_dotation,ordre_achat,ouvert)
VALUES 
('2019-04-13',10,1),
('2019-04-13',11,1),
('2019-04-13',12,1),
('2019-04-13',13,1),
('2019-04-13',14,1),
('2019-04-13',15,1),
('2019-04-13',16,1),
('2019-04-13',17,1),
('2019-04-13',18,1),
('2019-04-13',19,1),
('2019-04-13',20,1),
('2019-04-13',21,1),
('2019-04-13',22,1),
('2019-04-13',23,1),
('2019-04-13',24,1),
('2019-04-13',25,1),
('2019-04-13',26,1),
('2019-04-13',27,1),
('2019-04-13',28,1),
('2019-04-13',29,1),
('2019-04-13',30,1),
('2019-04-13',31,1),
('2019-04-13',32,1),
('2019-04-13',33,1),
('2019-04-13',34,1),
('2019-04-13',35,1),
('2019-04-13',36,1),
('2019-04-13',37,1),
('2019-04-13',38,1),
('2019-04-13',39,1),
('2019-04-13',40,1),
('2019-04-13',41,1),
('2019-04-13',42,1),
('2019-04-13',43,1),
('2019-04-13',44,1),
('2019-04-13',45,1),
('2019-04-13',46,1),
('2019-04-13',47,1),
('2019-04-13',48,1),
('2019-04-13',49,1),
('2019-04-13',50,1),
('2019-04-13',51,1),
('2019-04-13',52,1),
('2019-04-13',53,1),
('2019-04-13',54,1),
('2019-04-13',55,1),
('2019-04-13',56,1),
('2019-04-13',57,1),
('2019-04-13',58,1),
('2019-04-13',59,1),
('2019-04-13',60,1),
('2019-04-13',61,1),
('2019-04-13',62,1),
('2019-04-13',63,1),
('2019-04-13',64,1),
('2019-04-13',65,1),
('2019-04-13',66,1),
('2019-04-13',67,1),
('2019-04-13',68,1),
('2019-04-13',69,1);


INSERT INTO `feuille_temps` (date_debut,date_fin,jour_1,jour_2,jour_3,jour_4,jour_5,jour_6,jour_7,etat,ordre_achat_id,approbateur)
VALUES 
('2019-04-01','2019-04-07','00:00 - 00:00 | 00:00 - 00:00','00:00 - 00:00 | 00:00 - 00:00','00:00 - 00:00 | 00:00 - 00:00','00:00 - 00:00 | 00:00 - 00:00','00:00 - 00:00 | 00:00 - 00:00','00:00 - 00:00 | 00:00 - 00:00','00:00 - 00:00 | 00:00 - 00:00','attente',10,'contact.numero20@contact.com'),
('2019-04-08','2019-04-14','00:00 - 00:00 | 00:00 - 00:00','00:00 - 00:00 | 00:00 - 00:00','00:00 - 00:00 | 00:00 - 00:00','00:00 - 00:00 | 00:00 - 00:00','00:00 - 00:00 | 00:00 - 00:00','00:00 - 00:00 | 00:00 - 00:00','00:00 - 00:00 | 00:00 - 00:00','attente',10,'contact.numero20@contact.com'),
('2019-04-15','2019-04-21','00:00 - 00:00 | 00:00 - 00:00','00:00 - 00:00 | 00:00 - 00:00','00:00 - 00:00 | 00:00 - 00:00','00:00 - 00:00 | 00:00 - 00:00','00:00 - 00:00 | 00:00 - 00:00','00:00 - 00:00 | 00:00 - 00:00','00:00 - 00:00 | 00:00 - 00:00','attente',10,'contact.numero20@contact.com'),
('2019-04-22','2019-04-28','00:00 - 00:00 | 00:00 - 00:00','00:00 - 00:00 | 00:00 - 00:00','00:00 - 00:00 | 00:00 - 00:00','00:00 - 00:00 | 00:00 - 00:00','00:00 - 00:00 | 00:00 - 00:00','00:00 - 00:00 | 00:00 - 00:00','00:00 - 00:00 | 00:00 - 00:00','attente',10,'contact.numero20@contact.com'),

('2019-04-01','2019-04-07','00:00 - 00:00 | 00:00 - 00:00','00:00 - 00:00 | 00:00 - 00:00','00:00 - 00:00 | 00:00 - 00:00','00:00 - 00:00 | 00:00 - 00:00','00:00 - 00:00 | 00:00 - 00:00','00:00 - 00:00 | 00:00 - 00:00','00:00 - 00:00 | 00:00 - 00:00','attente',11,'contact.numero21@contact.com'),
('2019-04-08','2019-04-14','00:00 - 00:00 | 00:00 - 00:00','00:00 - 00:00 | 00:00 - 00:00','00:00 - 00:00 | 00:00 - 00:00','00:00 - 00:00 | 00:00 - 00:00','00:00 - 00:00 | 00:00 - 00:00','00:00 - 00:00 | 00:00 - 00:00','00:00 - 00:00 | 00:00 - 00:00','attente',11,'contact.numero21@contact.com'),
('2019-04-15','2019-04-21','00:00 - 00:00 | 00:00 - 00:00','00:00 - 00:00 | 00:00 - 00:00','00:00 - 00:00 | 00:00 - 00:00','00:00 - 00:00 | 00:00 - 00:00','00:00 - 00:00 | 00:00 - 00:00','00:00 - 00:00 | 00:00 - 00:00','00:00 - 00:00 | 00:00 - 00:00','attente',11,'contact.numero21@contact.com'),
('2019-04-22','2019-04-28','00:00 - 00:00 | 00:00 - 00:00','00:00 - 00:00 | 00:00 - 00:00','00:00 - 00:00 | 00:00 - 00:00','00:00 - 00:00 | 00:00 - 00:00','00:00 - 00:00 | 00:00 - 00:00','00:00 - 00:00 | 00:00 - 00:00','00:00 - 00:00 | 00:00 - 00:00','attente',11,'contact.numero21@contact.com'),

('2019-04-01','2019-04-07','00:00 - 00:00 | 00:00 - 00:00','00:00 - 00:00 | 00:00 - 00:00','00:00 - 00:00 | 00:00 - 00:00','00:00 - 00:00 | 00:00 - 00:00','00:00 - 00:00 | 00:00 - 00:00','00:00 - 00:00 | 00:00 - 00:00','00:00 - 00:00 | 00:00 - 00:00','attente',12,'contact.numero22@contact.com'),
('2019-04-08','2019-04-14','00:00 - 00:00 | 00:00 - 00:00','00:00 - 00:00 | 00:00 - 00:00','00:00 - 00:00 | 00:00 - 00:00','00:00 - 00:00 | 00:00 - 00:00','00:00 - 00:00 | 00:00 - 00:00','00:00 - 00:00 | 00:00 - 00:00','00:00 - 00:00 | 00:00 - 00:00','attente',12,'contact.numero22@contact.com'),
('2019-04-15','2019-04-21','00:00 - 00:00 | 00:00 - 00:00','00:00 - 00:00 | 00:00 - 00:00','00:00 - 00:00 | 00:00 - 00:00','00:00 - 00:00 | 00:00 - 00:00','00:00 - 00:00 | 00:00 - 00:00','00:00 - 00:00 | 00:00 - 00:00','00:00 - 00:00 | 00:00 - 00:00','attente',12,'contact.numero22@contact.com'),
('2019-04-22','2019-04-28','00:00 - 00:00 | 00:00 - 00:00','00:00 - 00:00 | 00:00 - 00:00','00:00 - 00:00 | 00:00 - 00:00','00:00 - 00:00 | 00:00 - 00:00','00:00 - 00:00 | 00:00 - 00:00','00:00 - 00:00 | 00:00 - 00:00','00:00 - 00:00 | 00:00 - 00:00','attente',12,'contact.numero22@contact.com'),

('2019-04-01','2019-04-07','00:00 - 00:00 | 00:00 - 00:00','00:00 - 00:00 | 00:00 - 00:00','00:00 - 00:00 | 00:00 - 00:00','00:00 - 00:00 | 00:00 - 00:00','00:00 - 00:00 | 00:00 - 00:00','00:00 - 00:00 | 00:00 - 00:00','00:00 - 00:00 | 00:00 - 00:00','attente',13,'contact.numero23@contact.com'),
('2019-04-08','2019-04-14','00:00 - 00:00 | 00:00 - 00:00','00:00 - 00:00 | 00:00 - 00:00','00:00 - 00:00 | 00:00 - 00:00','00:00 - 00:00 | 00:00 - 00:00','00:00 - 00:00 | 00:00 - 00:00','00:00 - 00:00 | 00:00 - 00:00','00:00 - 00:00 | 00:00 - 00:00','attente',13,'contact.numero23@contact.com'),
('2019-04-15','2019-04-21','00:00 - 00:00 | 00:00 - 00:00','00:00 - 00:00 | 00:00 - 00:00','00:00 - 00:00 | 00:00 - 00:00','00:00 - 00:00 | 00:00 - 00:00','00:00 - 00:00 | 00:00 - 00:00','00:00 - 00:00 | 00:00 - 00:00','00:00 - 00:00 | 00:00 - 00:00','attente',13,'contact.numero23@contact.com'),
('2019-04-22','2019-04-28','00:00 - 00:00 | 00:00 - 00:00','00:00 - 00:00 | 00:00 - 00:00','00:00 - 00:00 | 00:00 - 00:00','00:00 - 00:00 | 00:00 - 00:00','00:00 - 00:00 | 00:00 - 00:00','00:00 - 00:00 | 00:00 - 00:00','00:00 - 00:00 | 00:00 - 00:00','attente',13,'contact.numero23@contact.com'),

('2019-04-01','2019-04-07','00:00 - 00:00 | 00:00 - 00:00','00:00 - 00:00 | 00:00 - 00:00','00:00 - 00:00 | 00:00 - 00:00','00:00 - 00:00 | 00:00 - 00:00','00:00 - 00:00 | 00:00 - 00:00','00:00 - 00:00 | 00:00 - 00:00','00:00 - 00:00 | 00:00 - 00:00','attente',14,'contact.numero24@contact.com'),
('2019-04-08','2019-04-14','00:00 - 00:00 | 00:00 - 00:00','00:00 - 00:00 | 00:00 - 00:00','00:00 - 00:00 | 00:00 - 00:00','00:00 - 00:00 | 00:00 - 00:00','00:00 - 00:00 | 00:00 - 00:00','00:00 - 00:00 | 00:00 - 00:00','00:00 - 00:00 | 00:00 - 00:00','attente',14,'contact.numero24@contact.com'),
('2019-04-15','2019-04-21','00:00 - 00:00 | 00:00 - 00:00','00:00 - 00:00 | 00:00 - 00:00','00:00 - 00:00 | 00:00 - 00:00','00:00 - 00:00 | 00:00 - 00:00','00:00 - 00:00 | 00:00 - 00:00','00:00 - 00:00 | 00:00 - 00:00','00:00 - 00:00 | 00:00 - 00:00','attente',14,'contact.numero24@contact.com'),
('2019-04-22','2019-04-28','00:00 - 00:00 | 00:00 - 00:00','00:00 - 00:00 | 00:00 - 00:00','00:00 - 00:00 | 00:00 - 00:00','00:00 - 00:00 | 00:00 - 00:00','00:00 - 00:00 | 00:00 - 00:00','00:00 - 00:00 | 00:00 - 00:00','00:00 - 00:00 | 00:00 - 00:00','attente',14,'contact.numero24@contact.com'),

('2019-04-01','2019-04-07','00:00 - 00:00 | 00:00 - 00:00','00:00 - 00:00 | 00:00 - 00:00','00:00 - 00:00 | 00:00 - 00:00','00:00 - 00:00 | 00:00 - 00:00','00:00 - 00:00 | 00:00 - 00:00','00:00 - 00:00 | 00:00 - 00:00','00:00 - 00:00 | 00:00 - 00:00','attente',15,'contact.numero25@contact.com'),
('2019-04-08','2019-04-14','00:00 - 00:00 | 00:00 - 00:00','00:00 - 00:00 | 00:00 - 00:00','00:00 - 00:00 | 00:00 - 00:00','00:00 - 00:00 | 00:00 - 00:00','00:00 - 00:00 | 00:00 - 00:00','00:00 - 00:00 | 00:00 - 00:00','00:00 - 00:00 | 00:00 - 00:00','attente',15,'contact.numero25@contact.com'),
('2019-04-15','2019-04-21','00:00 - 00:00 | 00:00 - 00:00','00:00 - 00:00 | 00:00 - 00:00','00:00 - 00:00 | 00:00 - 00:00','00:00 - 00:00 | 00:00 - 00:00','00:00 - 00:00 | 00:00 - 00:00','00:00 - 00:00 | 00:00 - 00:00','00:00 - 00:00 | 00:00 - 00:00','attente',15,'contact.numero25@contact.com'),
('2019-04-22','2019-04-28','00:00 - 00:00 | 00:00 - 00:00','00:00 - 00:00 | 00:00 - 00:00','00:00 - 00:00 | 00:00 - 00:00','00:00 - 00:00 | 00:00 - 00:00','00:00 - 00:00 | 00:00 - 00:00','00:00 - 00:00 | 00:00 - 00:00','00:00 - 00:00 | 00:00 - 00:00','attente',15,'contact.numero25@contact.com'),

('2019-04-01','2019-04-07','00:00 - 00:00 | 00:00 - 00:00','00:00 - 00:00 | 00:00 - 00:00','00:00 - 00:00 | 00:00 - 00:00','00:00 - 00:00 | 00:00 - 00:00','00:00 - 00:00 | 00:00 - 00:00','00:00 - 00:00 | 00:00 - 00:00','00:00 - 00:00 | 00:00 - 00:00','attente',16,'contact.numero26@contact.com'),
('2019-04-08','2019-04-14','00:00 - 00:00 | 00:00 - 00:00','00:00 - 00:00 | 00:00 - 00:00','00:00 - 00:00 | 00:00 - 00:00','00:00 - 00:00 | 00:00 - 00:00','00:00 - 00:00 | 00:00 - 00:00','00:00 - 00:00 | 00:00 - 00:00','00:00 - 00:00 | 00:00 - 00:00','attente',16,'contact.numero26@contact.com'),
('2019-04-15','2019-04-21','00:00 - 00:00 | 00:00 - 00:00','00:00 - 00:00 | 00:00 - 00:00','00:00 - 00:00 | 00:00 - 00:00','00:00 - 00:00 | 00:00 - 00:00','00:00 - 00:00 | 00:00 - 00:00','00:00 - 00:00 | 00:00 - 00:00','00:00 - 00:00 | 00:00 - 00:00','attente',16,'contact.numero26@contact.com'),
('2019-04-22','2019-04-28','00:00 - 00:00 | 00:00 - 00:00','00:00 - 00:00 | 00:00 - 00:00','00:00 - 00:00 | 00:00 - 00:00','00:00 - 00:00 | 00:00 - 00:00','00:00 - 00:00 | 00:00 - 00:00','00:00 - 00:00 | 00:00 - 00:00','00:00 - 00:00 | 00:00 - 00:00','attente',16,'contact.numero26@contact.com'),

('2019-04-01','2019-04-07','00:00 - 00:00 | 00:00 - 00:00','00:00 - 00:00 | 00:00 - 00:00','00:00 - 00:00 | 00:00 - 00:00','00:00 - 00:00 | 00:00 - 00:00','00:00 - 00:00 | 00:00 - 00:00','00:00 - 00:00 | 00:00 - 00:00','00:00 - 00:00 | 00:00 - 00:00','attente',17,'contact.numero27@contact.com'),
('2019-04-08','2019-04-14','00:00 - 00:00 | 00:00 - 00:00','00:00 - 00:00 | 00:00 - 00:00','00:00 - 00:00 | 00:00 - 00:00','00:00 - 00:00 | 00:00 - 00:00','00:00 - 00:00 | 00:00 - 00:00','00:00 - 00:00 | 00:00 - 00:00','00:00 - 00:00 | 00:00 - 00:00','attente',17,'contact.numero27@contact.com'),
('2019-04-15','2019-04-21','00:00 - 00:00 | 00:00 - 00:00','00:00 - 00:00 | 00:00 - 00:00','00:00 - 00:00 | 00:00 - 00:00','00:00 - 00:00 | 00:00 - 00:00','00:00 - 00:00 | 00:00 - 00:00','00:00 - 00:00 | 00:00 - 00:00','00:00 - 00:00 | 00:00 - 00:00','attente',17,'contact.numero27@contact.com'),
('2019-04-22','2019-04-28','00:00 - 00:00 | 00:00 - 00:00','00:00 - 00:00 | 00:00 - 00:00','00:00 - 00:00 | 00:00 - 00:00','00:00 - 00:00 | 00:00 - 00:00','00:00 - 00:00 | 00:00 - 00:00','00:00 - 00:00 | 00:00 - 00:00','00:00 - 00:00 | 00:00 - 00:00','attente',17,'contact.numero27@contact.com'),

('2019-04-01','2019-04-07','00:00 - 00:00 | 00:00 - 00:00','00:00 - 00:00 | 00:00 - 00:00','00:00 - 00:00 | 00:00 - 00:00','00:00 - 00:00 | 00:00 - 00:00','00:00 - 00:00 | 00:00 - 00:00','00:00 - 00:00 | 00:00 - 00:00','00:00 - 00:00 | 00:00 - 00:00','attente',18,'contact.numero28@contact.com'),
('2019-04-08','2019-04-14','00:00 - 00:00 | 00:00 - 00:00','00:00 - 00:00 | 00:00 - 00:00','00:00 - 00:00 | 00:00 - 00:00','00:00 - 00:00 | 00:00 - 00:00','00:00 - 00:00 | 00:00 - 00:00','00:00 - 00:00 | 00:00 - 00:00','00:00 - 00:00 | 00:00 - 00:00','attente',18,'contact.numero28@contact.com'),
('2019-04-15','2019-04-21','00:00 - 00:00 | 00:00 - 00:00','00:00 - 00:00 | 00:00 - 00:00','00:00 - 00:00 | 00:00 - 00:00','00:00 - 00:00 | 00:00 - 00:00','00:00 - 00:00 | 00:00 - 00:00','00:00 - 00:00 | 00:00 - 00:00','00:00 - 00:00 | 00:00 - 00:00','attente',18,'contact.numero28@contact.com'),
('2019-04-22','2019-04-28','00:00 - 00:00 | 00:00 - 00:00','00:00 - 00:00 | 00:00 - 00:00','00:00 - 00:00 | 00:00 - 00:00','00:00 - 00:00 | 00:00 - 00:00','00:00 - 00:00 | 00:00 - 00:00','00:00 - 00:00 | 00:00 - 00:00','00:00 - 00:00 | 00:00 - 00:00','attente',18,'contact.numero28@contact.com'),

('2019-04-01','2019-04-07','00:00 - 00:00 | 00:00 - 00:00','00:00 - 00:00 | 00:00 - 00:00','00:00 - 00:00 | 00:00 - 00:00','00:00 - 00:00 | 00:00 - 00:00','00:00 - 00:00 | 00:00 - 00:00','00:00 - 00:00 | 00:00 - 00:00','00:00 - 00:00 | 00:00 - 00:00','attente',19,'contact.numero29@contact.com'),
('2019-04-08','2019-04-14','00:00 - 00:00 | 00:00 - 00:00','00:00 - 00:00 | 00:00 - 00:00','00:00 - 00:00 | 00:00 - 00:00','00:00 - 00:00 | 00:00 - 00:00','00:00 - 00:00 | 00:00 - 00:00','00:00 - 00:00 | 00:00 - 00:00','00:00 - 00:00 | 00:00 - 00:00','attente',19,'contact.numero29@contact.com'),
('2019-04-15','2019-04-21','00:00 - 00:00 | 00:00 - 00:00','00:00 - 00:00 | 00:00 - 00:00','00:00 - 00:00 | 00:00 - 00:00','00:00 - 00:00 | 00:00 - 00:00','00:00 - 00:00 | 00:00 - 00:00','00:00 - 00:00 | 00:00 - 00:00','00:00 - 00:00 | 00:00 - 00:00','attente',19,'contact.numero29@contact.com'),
('2019-04-22','2019-04-28','00:00 - 00:00 | 00:00 - 00:00','00:00 - 00:00 | 00:00 - 00:00','00:00 - 00:00 | 00:00 - 00:00','00:00 - 00:00 | 00:00 - 00:00','00:00 - 00:00 | 00:00 - 00:00','00:00 - 00:00 | 00:00 - 00:00','00:00 - 00:00 | 00:00 - 00:00','attente',19,'contact.numero29@contact.com'),

('2019-04-01','2019-04-07','00:00 - 00:00 | 00:00 - 00:00','00:00 - 00:00 | 00:00 - 00:00','00:00 - 00:00 | 00:00 - 00:00','00:00 - 00:00 | 00:00 - 00:00','00:00 - 00:00 | 00:00 - 00:00','00:00 - 00:00 | 00:00 - 00:00','00:00 - 00:00 | 00:00 - 00:00','attente',20,'contact.numero30@contact.com'),
('2019-04-08','2019-04-14','00:00 - 00:00 | 00:00 - 00:00','00:00 - 00:00 | 00:00 - 00:00','00:00 - 00:00 | 00:00 - 00:00','00:00 - 00:00 | 00:00 - 00:00','00:00 - 00:00 | 00:00 - 00:00','00:00 - 00:00 | 00:00 - 00:00','00:00 - 00:00 | 00:00 - 00:00','attente',20,'contact.numero30@contact.com'),
('2019-04-15','2019-04-21','00:00 - 00:00 | 00:00 - 00:00','00:00 - 00:00 | 00:00 - 00:00','00:00 - 00:00 | 00:00 - 00:00','00:00 - 00:00 | 00:00 - 00:00','00:00 - 00:00 | 00:00 - 00:00','00:00 - 00:00 | 00:00 - 00:00','00:00 - 00:00 | 00:00 - 00:00','attente',20,'contact.numero30@contact.com'),
('2019-04-22','2019-04-28','00:00 - 00:00 | 00:00 - 00:00','00:00 - 00:00 | 00:00 - 00:00','00:00 - 00:00 | 00:00 - 00:00','00:00 - 00:00 | 00:00 - 00:00','00:00 - 00:00 | 00:00 - 00:00','00:00 - 00:00 | 00:00 - 00:00','00:00 - 00:00 | 00:00 - 00:00','attente',20,'contact.numero30@contact.com'),

('2019-04-01','2019-04-07','00:00 - 00:00 | 00:00 - 00:00','00:00 - 00:00 | 00:00 - 00:00','00:00 - 00:00 | 00:00 - 00:00','00:00 - 00:00 | 00:00 - 00:00','00:00 - 00:00 | 00:00 - 00:00','00:00 - 00:00 | 00:00 - 00:00','00:00 - 00:00 | 00:00 - 00:00','attente',21,'contact.numero31@contact.com'),
('2019-04-08','2019-04-14','00:00 - 00:00 | 00:00 - 00:00','00:00 - 00:00 | 00:00 - 00:00','00:00 - 00:00 | 00:00 - 00:00','00:00 - 00:00 | 00:00 - 00:00','00:00 - 00:00 | 00:00 - 00:00','00:00 - 00:00 | 00:00 - 00:00','00:00 - 00:00 | 00:00 - 00:00','attente',21,'contact.numero31@contact.com'),
('2019-04-15','2019-04-21','00:00 - 00:00 | 00:00 - 00:00','00:00 - 00:00 | 00:00 - 00:00','00:00 - 00:00 | 00:00 - 00:00','00:00 - 00:00 | 00:00 - 00:00','00:00 - 00:00 | 00:00 - 00:00','00:00 - 00:00 | 00:00 - 00:00','00:00 - 00:00 | 00:00 - 00:00','attente',21,'contact.numero31@contact.com'),
('2019-04-22','2019-04-28','00:00 - 00:00 | 00:00 - 00:00','00:00 - 00:00 | 00:00 - 00:00','00:00 - 00:00 | 00:00 - 00:00','00:00 - 00:00 | 00:00 - 00:00','00:00 - 00:00 | 00:00 - 00:00','00:00 - 00:00 | 00:00 - 00:00','00:00 - 00:00 | 00:00 - 00:00','attente',21,'contact.numero31@contact.com'),

('2019-04-01','2019-04-07','00:00 - 00:00 | 00:00 - 00:00','00:00 - 00:00 | 00:00 - 00:00','00:00 - 00:00 | 00:00 - 00:00','00:00 - 00:00 | 00:00 - 00:00','00:00 - 00:00 | 00:00 - 00:00','00:00 - 00:00 | 00:00 - 00:00','00:00 - 00:00 | 00:00 - 00:00','attente',22,'contact.numero32@contact.com'),
('2019-04-08','2019-04-14','00:00 - 00:00 | 00:00 - 00:00','00:00 - 00:00 | 00:00 - 00:00','00:00 - 00:00 | 00:00 - 00:00','00:00 - 00:00 | 00:00 - 00:00','00:00 - 00:00 | 00:00 - 00:00','00:00 - 00:00 | 00:00 - 00:00','00:00 - 00:00 | 00:00 - 00:00','attente',22,'contact.numero32@contact.com'),
('2019-04-15','2019-04-21','00:00 - 00:00 | 00:00 - 00:00','00:00 - 00:00 | 00:00 - 00:00','00:00 - 00:00 | 00:00 - 00:00','00:00 - 00:00 | 00:00 - 00:00','00:00 - 00:00 | 00:00 - 00:00','00:00 - 00:00 | 00:00 - 00:00','00:00 - 00:00 | 00:00 - 00:00','attente',22,'contact.numero32@contact.com'),
('2019-04-22','2019-04-28','00:00 - 00:00 | 00:00 - 00:00','00:00 - 00:00 | 00:00 - 00:00','00:00 - 00:00 | 00:00 - 00:00','00:00 - 00:00 | 00:00 - 00:00','00:00 - 00:00 | 00:00 - 00:00','00:00 - 00:00 | 00:00 - 00:00','00:00 - 00:00 | 00:00 - 00:00','attente',22,'contact.numero32@contact.com'),

('2019-04-01','2019-04-07','00:00 - 00:00 | 00:00 - 00:00','00:00 - 00:00 | 00:00 - 00:00','00:00 - 00:00 | 00:00 - 00:00','00:00 - 00:00 | 00:00 - 00:00','00:00 - 00:00 | 00:00 - 00:00','00:00 - 00:00 | 00:00 - 00:00','00:00 - 00:00 | 00:00 - 00:00','attente',23,'contact.numero33@contact.com'),
('2019-04-08','2019-04-14','00:00 - 00:00 | 00:00 - 00:00','00:00 - 00:00 | 00:00 - 00:00','00:00 - 00:00 | 00:00 - 00:00','00:00 - 00:00 | 00:00 - 00:00','00:00 - 00:00 | 00:00 - 00:00','00:00 - 00:00 | 00:00 - 00:00','00:00 - 00:00 | 00:00 - 00:00','attente',23,'contact.numero33@contact.com'),
('2019-04-15','2019-04-21','00:00 - 00:00 | 00:00 - 00:00','00:00 - 00:00 | 00:00 - 00:00','00:00 - 00:00 | 00:00 - 00:00','00:00 - 00:00 | 00:00 - 00:00','00:00 - 00:00 | 00:00 - 00:00','00:00 - 00:00 | 00:00 - 00:00','00:00 - 00:00 | 00:00 - 00:00','attente',23,'contact.numero33@contact.com'),
('2019-04-22','2019-04-28','00:00 - 00:00 | 00:00 - 00:00','00:00 - 00:00 | 00:00 - 00:00','00:00 - 00:00 | 00:00 - 00:00','00:00 - 00:00 | 00:00 - 00:00','00:00 - 00:00 | 00:00 - 00:00','00:00 - 00:00 | 00:00 - 00:00','00:00 - 00:00 | 00:00 - 00:00','attente',23,'contact.numero33@contact.com'),

('2019-04-01','2019-04-07','00:00 - 00:00 | 00:00 - 00:00','00:00 - 00:00 | 00:00 - 00:00','00:00 - 00:00 | 00:00 - 00:00','00:00 - 00:00 | 00:00 - 00:00','00:00 - 00:00 | 00:00 - 00:00','00:00 - 00:00 | 00:00 - 00:00','00:00 - 00:00 | 00:00 - 00:00','attente',24,'contact.numero34@contact.com'),
('2019-04-08','2019-04-14','00:00 - 00:00 | 00:00 - 00:00','00:00 - 00:00 | 00:00 - 00:00','00:00 - 00:00 | 00:00 - 00:00','00:00 - 00:00 | 00:00 - 00:00','00:00 - 00:00 | 00:00 - 00:00','00:00 - 00:00 | 00:00 - 00:00','00:00 - 00:00 | 00:00 - 00:00','attente',24,'contact.numero34@contact.com'),
('2019-04-15','2019-04-21','00:00 - 00:00 | 00:00 - 00:00','00:00 - 00:00 | 00:00 - 00:00','00:00 - 00:00 | 00:00 - 00:00','00:00 - 00:00 | 00:00 - 00:00','00:00 - 00:00 | 00:00 - 00:00','00:00 - 00:00 | 00:00 - 00:00','00:00 - 00:00 | 00:00 - 00:00','attente',24,'contact.numero34@contact.com'),
('2019-04-22','2019-04-28','00:00 - 00:00 | 00:00 - 00:00','00:00 - 00:00 | 00:00 - 00:00','00:00 - 00:00 | 00:00 - 00:00','00:00 - 00:00 | 00:00 - 00:00','00:00 - 00:00 | 00:00 - 00:00','00:00 - 00:00 | 00:00 - 00:00','00:00 - 00:00 | 00:00 - 00:00','attente',24,'contact.numero34@contact.com'),

('2019-04-01','2019-04-07','00:00 - 00:00 | 00:00 - 00:00','00:00 - 00:00 | 00:00 - 00:00','00:00 - 00:00 | 00:00 - 00:00','00:00 - 00:00 | 00:00 - 00:00','00:00 - 00:00 | 00:00 - 00:00','00:00 - 00:00 | 00:00 - 00:00','00:00 - 00:00 | 00:00 - 00:00','attente',25,'contact.numero35@contact.com'),
('2019-04-08','2019-04-14','00:00 - 00:00 | 00:00 - 00:00','00:00 - 00:00 | 00:00 - 00:00','00:00 - 00:00 | 00:00 - 00:00','00:00 - 00:00 | 00:00 - 00:00','00:00 - 00:00 | 00:00 - 00:00','00:00 - 00:00 | 00:00 - 00:00','00:00 - 00:00 | 00:00 - 00:00','attente',25,'contact.numero35@contact.com'),
('2019-04-15','2019-04-21','00:00 - 00:00 | 00:00 - 00:00','00:00 - 00:00 | 00:00 - 00:00','00:00 - 00:00 | 00:00 - 00:00','00:00 - 00:00 | 00:00 - 00:00','00:00 - 00:00 | 00:00 - 00:00','00:00 - 00:00 | 00:00 - 00:00','00:00 - 00:00 | 00:00 - 00:00','attente',25,'contact.numero35@contact.com'),
('2019-04-22','2019-04-28','00:00 - 00:00 | 00:00 - 00:00','00:00 - 00:00 | 00:00 - 00:00','00:00 - 00:00 | 00:00 - 00:00','00:00 - 00:00 | 00:00 - 00:00','00:00 - 00:00 | 00:00 - 00:00','00:00 - 00:00 | 00:00 - 00:00','00:00 - 00:00 | 00:00 - 00:00','attente',25,'contact.numero35@contact.com'),

('2019-04-01','2019-04-07','00:00 - 00:00 | 00:00 - 00:00','00:00 - 00:00 | 00:00 - 00:00','00:00 - 00:00 | 00:00 - 00:00','00:00 - 00:00 | 00:00 - 00:00','00:00 - 00:00 | 00:00 - 00:00','00:00 - 00:00 | 00:00 - 00:00','00:00 - 00:00 | 00:00 - 00:00','attente',26,'contact.numero36@contact.com'),
('2019-04-08','2019-04-14','00:00 - 00:00 | 00:00 - 00:00','00:00 - 00:00 | 00:00 - 00:00','00:00 - 00:00 | 00:00 - 00:00','00:00 - 00:00 | 00:00 - 00:00','00:00 - 00:00 | 00:00 - 00:00','00:00 - 00:00 | 00:00 - 00:00','00:00 - 00:00 | 00:00 - 00:00','attente',26,'contact.numero36@contact.com'),
('2019-04-15','2019-04-21','00:00 - 00:00 | 00:00 - 00:00','00:00 - 00:00 | 00:00 - 00:00','00:00 - 00:00 | 00:00 - 00:00','00:00 - 00:00 | 00:00 - 00:00','00:00 - 00:00 | 00:00 - 00:00','00:00 - 00:00 | 00:00 - 00:00','00:00 - 00:00 | 00:00 - 00:00','attente',26,'contact.numero36@contact.com'),
('2019-04-22','2019-04-28','00:00 - 00:00 | 00:00 - 00:00','00:00 - 00:00 | 00:00 - 00:00','00:00 - 00:00 | 00:00 - 00:00','00:00 - 00:00 | 00:00 - 00:00','00:00 - 00:00 | 00:00 - 00:00','00:00 - 00:00 | 00:00 - 00:00','00:00 - 00:00 | 00:00 - 00:00','attente',26,'contact.numero36@contact.com'),

('2019-04-01','2019-04-07','00:00 - 00:00 | 00:00 - 00:00','00:00 - 00:00 | 00:00 - 00:00','00:00 - 00:00 | 00:00 - 00:00','00:00 - 00:00 | 00:00 - 00:00','00:00 - 00:00 | 00:00 - 00:00','00:00 - 00:00 | 00:00 - 00:00','00:00 - 00:00 | 00:00 - 00:00','attente',27,'contact.numero37@contact.com'),
('2019-04-08','2019-04-14','00:00 - 00:00 | 00:00 - 00:00','00:00 - 00:00 | 00:00 - 00:00','00:00 - 00:00 | 00:00 - 00:00','00:00 - 00:00 | 00:00 - 00:00','00:00 - 00:00 | 00:00 - 00:00','00:00 - 00:00 | 00:00 - 00:00','00:00 - 00:00 | 00:00 - 00:00','attente',27,'contact.numero37@contact.com'),
('2019-04-15','2019-04-21','00:00 - 00:00 | 00:00 - 00:00','00:00 - 00:00 | 00:00 - 00:00','00:00 - 00:00 | 00:00 - 00:00','00:00 - 00:00 | 00:00 - 00:00','00:00 - 00:00 | 00:00 - 00:00','00:00 - 00:00 | 00:00 - 00:00','00:00 - 00:00 | 00:00 - 00:00','attente',27,'contact.numero37@contact.com'),
('2019-04-22','2019-04-28','00:00 - 00:00 | 00:00 - 00:00','00:00 - 00:00 | 00:00 - 00:00','00:00 - 00:00 | 00:00 - 00:00','00:00 - 00:00 | 00:00 - 00:00','00:00 - 00:00 | 00:00 - 00:00','00:00 - 00:00 | 00:00 - 00:00','00:00 - 00:00 | 00:00 - 00:00','attente',27,'contact.numero37@contact.com'),

('2019-04-01','2019-04-07','00:00 - 00:00 | 00:00 - 00:00','00:00 - 00:00 | 00:00 - 00:00','00:00 - 00:00 | 00:00 - 00:00','00:00 - 00:00 | 00:00 - 00:00','00:00 - 00:00 | 00:00 - 00:00','00:00 - 00:00 | 00:00 - 00:00','00:00 - 00:00 | 00:00 - 00:00','attente',28,'contact.numero38@contact.com'),
('2019-04-08','2019-04-14','00:00 - 00:00 | 00:00 - 00:00','00:00 - 00:00 | 00:00 - 00:00','00:00 - 00:00 | 00:00 - 00:00','00:00 - 00:00 | 00:00 - 00:00','00:00 - 00:00 | 00:00 - 00:00','00:00 - 00:00 | 00:00 - 00:00','00:00 - 00:00 | 00:00 - 00:00','attente',28,'contact.numero38@contact.com'),
('2019-04-15','2019-04-21','00:00 - 00:00 | 00:00 - 00:00','00:00 - 00:00 | 00:00 - 00:00','00:00 - 00:00 | 00:00 - 00:00','00:00 - 00:00 | 00:00 - 00:00','00:00 - 00:00 | 00:00 - 00:00','00:00 - 00:00 | 00:00 - 00:00','00:00 - 00:00 | 00:00 - 00:00','attente',28,'contact.numero38@contact.com'),
('2019-04-22','2019-04-28','00:00 - 00:00 | 00:00 - 00:00','00:00 - 00:00 | 00:00 - 00:00','00:00 - 00:00 | 00:00 - 00:00','00:00 - 00:00 | 00:00 - 00:00','00:00 - 00:00 | 00:00 - 00:00','00:00 - 00:00 | 00:00 - 00:00','00:00 - 00:00 | 00:00 - 00:00','attente',28,'contact.numero38@contact.com'),

('2019-04-01','2019-04-07','00:00 - 00:00 | 00:00 - 00:00','00:00 - 00:00 | 00:00 - 00:00','00:00 - 00:00 | 00:00 - 00:00','00:00 - 00:00 | 00:00 - 00:00','00:00 - 00:00 | 00:00 - 00:00','00:00 - 00:00 | 00:00 - 00:00','00:00 - 00:00 | 00:00 - 00:00','attente',29,'contact.numero39@contact.com'),
('2019-04-08','2019-04-14','00:00 - 00:00 | 00:00 - 00:00','00:00 - 00:00 | 00:00 - 00:00','00:00 - 00:00 | 00:00 - 00:00','00:00 - 00:00 | 00:00 - 00:00','00:00 - 00:00 | 00:00 - 00:00','00:00 - 00:00 | 00:00 - 00:00','00:00 - 00:00 | 00:00 - 00:00','attente',29,'contact.numero39@contact.com'),
('2019-04-15','2019-04-21','00:00 - 00:00 | 00:00 - 00:00','00:00 - 00:00 | 00:00 - 00:00','00:00 - 00:00 | 00:00 - 00:00','00:00 - 00:00 | 00:00 - 00:00','00:00 - 00:00 | 00:00 - 00:00','00:00 - 00:00 | 00:00 - 00:00','00:00 - 00:00 | 00:00 - 00:00','attente',29,'contact.numero39@contact.com'),
('2019-04-22','2019-04-28','00:00 - 00:00 | 00:00 - 00:00','00:00 - 00:00 | 00:00 - 00:00','00:00 - 00:00 | 00:00 - 00:00','00:00 - 00:00 | 00:00 - 00:00','00:00 - 00:00 | 00:00 - 00:00','00:00 - 00:00 | 00:00 - 00:00','00:00 - 00:00 | 00:00 - 00:00','attente',29,'contact.numero39@contact.com'),

('2019-04-01','2019-04-07','00:00 - 00:00 | 00:00 - 00:00','00:00 - 00:00 | 00:00 - 00:00','00:00 - 00:00 | 00:00 - 00:00','00:00 - 00:00 | 00:00 - 00:00','00:00 - 00:00 | 00:00 - 00:00','00:00 - 00:00 | 00:00 - 00:00','00:00 - 00:00 | 00:00 - 00:00','attente',30,'contact.numero40@contact.com'),
('2019-04-08','2019-04-14','00:00 - 00:00 | 00:00 - 00:00','00:00 - 00:00 | 00:00 - 00:00','00:00 - 00:00 | 00:00 - 00:00','00:00 - 00:00 | 00:00 - 00:00','00:00 - 00:00 | 00:00 - 00:00','00:00 - 00:00 | 00:00 - 00:00','00:00 - 00:00 | 00:00 - 00:00','attente',30,'contact.numero40@contact.com'),
('2019-04-15','2019-04-21','00:00 - 00:00 | 00:00 - 00:00','00:00 - 00:00 | 00:00 - 00:00','00:00 - 00:00 | 00:00 - 00:00','00:00 - 00:00 | 00:00 - 00:00','00:00 - 00:00 | 00:00 - 00:00','00:00 - 00:00 | 00:00 - 00:00','00:00 - 00:00 | 00:00 - 00:00','attente',30,'contact.numero40@contact.com'),
('2019-04-22','2019-04-28','00:00 - 00:00 | 00:00 - 00:00','00:00 - 00:00 | 00:00 - 00:00','00:00 - 00:00 | 00:00 - 00:00','00:00 - 00:00 | 00:00 - 00:00','00:00 - 00:00 | 00:00 - 00:00','00:00 - 00:00 | 00:00 - 00:00','00:00 - 00:00 | 00:00 - 00:00','attente',30,'contact.numero40@contact.com'),

('2019-04-01','2019-04-07','00:00 - 00:00 | 00:00 - 00:00','00:00 - 00:00 | 00:00 - 00:00','00:00 - 00:00 | 00:00 - 00:00','00:00 - 00:00 | 00:00 - 00:00','00:00 - 00:00 | 00:00 - 00:00','00:00 - 00:00 | 00:00 - 00:00','00:00 - 00:00 | 00:00 - 00:00','attente',31,'contact.numero41@contact.com'),
('2019-04-08','2019-04-14','00:00 - 00:00 | 00:00 - 00:00','00:00 - 00:00 | 00:00 - 00:00','00:00 - 00:00 | 00:00 - 00:00','00:00 - 00:00 | 00:00 - 00:00','00:00 - 00:00 | 00:00 - 00:00','00:00 - 00:00 | 00:00 - 00:00','00:00 - 00:00 | 00:00 - 00:00','attente',31,'contact.numero41@contact.com'),
('2019-04-15','2019-04-21','00:00 - 00:00 | 00:00 - 00:00','00:00 - 00:00 | 00:00 - 00:00','00:00 - 00:00 | 00:00 - 00:00','00:00 - 00:00 | 00:00 - 00:00','00:00 - 00:00 | 00:00 - 00:00','00:00 - 00:00 | 00:00 - 00:00','00:00 - 00:00 | 00:00 - 00:00','attente',31,'contact.numero41@contact.com'),
('2019-04-22','2019-04-28','00:00 - 00:00 | 00:00 - 00:00','00:00 - 00:00 | 00:00 - 00:00','00:00 - 00:00 | 00:00 - 00:00','00:00 - 00:00 | 00:00 - 00:00','00:00 - 00:00 | 00:00 - 00:00','00:00 - 00:00 | 00:00 - 00:00','00:00 - 00:00 | 00:00 - 00:00','attente',31,'contact.numero41@contact.com'),

('2019-04-01','2019-04-07','00:00 - 00:00 | 00:00 - 00:00','00:00 - 00:00 | 00:00 - 00:00','00:00 - 00:00 | 00:00 - 00:00','00:00 - 00:00 | 00:00 - 00:00','00:00 - 00:00 | 00:00 - 00:00','00:00 - 00:00 | 00:00 - 00:00','00:00 - 00:00 | 00:00 - 00:00','attente',32,'contact.numero42@contact.com'),
('2019-04-08','2019-04-14','00:00 - 00:00 | 00:00 - 00:00','00:00 - 00:00 | 00:00 - 00:00','00:00 - 00:00 | 00:00 - 00:00','00:00 - 00:00 | 00:00 - 00:00','00:00 - 00:00 | 00:00 - 00:00','00:00 - 00:00 | 00:00 - 00:00','00:00 - 00:00 | 00:00 - 00:00','attente',32,'contact.numero42@contact.com'),
('2019-04-15','2019-04-21','00:00 - 00:00 | 00:00 - 00:00','00:00 - 00:00 | 00:00 - 00:00','00:00 - 00:00 | 00:00 - 00:00','00:00 - 00:00 | 00:00 - 00:00','00:00 - 00:00 | 00:00 - 00:00','00:00 - 00:00 | 00:00 - 00:00','00:00 - 00:00 | 00:00 - 00:00','attente',32,'contact.numero42@contact.com'),
('2019-04-22','2019-04-28','00:00 - 00:00 | 00:00 - 00:00','00:00 - 00:00 | 00:00 - 00:00','00:00 - 00:00 | 00:00 - 00:00','00:00 - 00:00 | 00:00 - 00:00','00:00 - 00:00 | 00:00 - 00:00','00:00 - 00:00 | 00:00 - 00:00','00:00 - 00:00 | 00:00 - 00:00','attente',32,'contact.numero42@contact.com'),

('2019-04-01','2019-04-07','00:00 - 00:00 | 00:00 - 00:00','00:00 - 00:00 | 00:00 - 00:00','00:00 - 00:00 | 00:00 - 00:00','00:00 - 00:00 | 00:00 - 00:00','00:00 - 00:00 | 00:00 - 00:00','00:00 - 00:00 | 00:00 - 00:00','00:00 - 00:00 | 00:00 - 00:00','attente',33,'contact.numero43@contact.com'),
('2019-04-08','2019-04-14','00:00 - 00:00 | 00:00 - 00:00','00:00 - 00:00 | 00:00 - 00:00','00:00 - 00:00 | 00:00 - 00:00','00:00 - 00:00 | 00:00 - 00:00','00:00 - 00:00 | 00:00 - 00:00','00:00 - 00:00 | 00:00 - 00:00','00:00 - 00:00 | 00:00 - 00:00','attente',33,'contact.numero43@contact.com'),
('2019-04-15','2019-04-21','00:00 - 00:00 | 00:00 - 00:00','00:00 - 00:00 | 00:00 - 00:00','00:00 - 00:00 | 00:00 - 00:00','00:00 - 00:00 | 00:00 - 00:00','00:00 - 00:00 | 00:00 - 00:00','00:00 - 00:00 | 00:00 - 00:00','00:00 - 00:00 | 00:00 - 00:00','attente',33,'contact.numero43@contact.com'),
('2019-04-22','2019-04-28','00:00 - 00:00 | 00:00 - 00:00','00:00 - 00:00 | 00:00 - 00:00','00:00 - 00:00 | 00:00 - 00:00','00:00 - 00:00 | 00:00 - 00:00','00:00 - 00:00 | 00:00 - 00:00','00:00 - 00:00 | 00:00 - 00:00','00:00 - 00:00 | 00:00 - 00:00','attente',33,'contact.numero43@contact.com'),

('2019-04-01','2019-04-07','00:00 - 00:00 | 00:00 - 00:00','00:00 - 00:00 | 00:00 - 00:00','00:00 - 00:00 | 00:00 - 00:00','00:00 - 00:00 | 00:00 - 00:00','00:00 - 00:00 | 00:00 - 00:00','00:00 - 00:00 | 00:00 - 00:00','00:00 - 00:00 | 00:00 - 00:00','attente',34,'contact.numero44@contact.com'),
('2019-04-08','2019-04-14','00:00 - 00:00 | 00:00 - 00:00','00:00 - 00:00 | 00:00 - 00:00','00:00 - 00:00 | 00:00 - 00:00','00:00 - 00:00 | 00:00 - 00:00','00:00 - 00:00 | 00:00 - 00:00','00:00 - 00:00 | 00:00 - 00:00','00:00 - 00:00 | 00:00 - 00:00','attente',34,'contact.numero44@contact.com'),
('2019-04-15','2019-04-21','00:00 - 00:00 | 00:00 - 00:00','00:00 - 00:00 | 00:00 - 00:00','00:00 - 00:00 | 00:00 - 00:00','00:00 - 00:00 | 00:00 - 00:00','00:00 - 00:00 | 00:00 - 00:00','00:00 - 00:00 | 00:00 - 00:00','00:00 - 00:00 | 00:00 - 00:00','attente',34,'contact.numero44@contact.com'),
('2019-04-22','2019-04-28','00:00 - 00:00 | 00:00 - 00:00','00:00 - 00:00 | 00:00 - 00:00','00:00 - 00:00 | 00:00 - 00:00','00:00 - 00:00 | 00:00 - 00:00','00:00 - 00:00 | 00:00 - 00:00','00:00 - 00:00 | 00:00 - 00:00','00:00 - 00:00 | 00:00 - 00:00','attente',34,'contact.numero44@contact.com'),

('2019-04-01','2019-04-07','00:00 - 00:00 | 00:00 - 00:00','00:00 - 00:00 | 00:00 - 00:00','00:00 - 00:00 | 00:00 - 00:00','00:00 - 00:00 | 00:00 - 00:00','00:00 - 00:00 | 00:00 - 00:00','00:00 - 00:00 | 00:00 - 00:00','00:00 - 00:00 | 00:00 - 00:00','attente',35,'contact.numero20@contact.com'),
('2019-04-08','2019-04-14','00:00 - 00:00 | 00:00 - 00:00','00:00 - 00:00 | 00:00 - 00:00','00:00 - 00:00 | 00:00 - 00:00','00:00 - 00:00 | 00:00 - 00:00','00:00 - 00:00 | 00:00 - 00:00','00:00 - 00:00 | 00:00 - 00:00','00:00 - 00:00 | 00:00 - 00:00','attente',35,'contact.numero20@contact.com'),
('2019-04-15','2019-04-21','00:00 - 00:00 | 00:00 - 00:00','00:00 - 00:00 | 00:00 - 00:00','00:00 - 00:00 | 00:00 - 00:00','00:00 - 00:00 | 00:00 - 00:00','00:00 - 00:00 | 00:00 - 00:00','00:00 - 00:00 | 00:00 - 00:00','00:00 - 00:00 | 00:00 - 00:00','attente',35,'contact.numero20@contact.com'),
('2019-04-22','2019-04-28','00:00 - 00:00 | 00:00 - 00:00','00:00 - 00:00 | 00:00 - 00:00','00:00 - 00:00 | 00:00 - 00:00','00:00 - 00:00 | 00:00 - 00:00','00:00 - 00:00 | 00:00 - 00:00','00:00 - 00:00 | 00:00 - 00:00','00:00 - 00:00 | 00:00 - 00:00','attente',35,'contact.numero20@contact.com'),

('2019-04-01','2019-04-07','00:00 - 00:00 | 00:00 - 00:00','00:00 - 00:00 | 00:00 - 00:00','00:00 - 00:00 | 00:00 - 00:00','00:00 - 00:00 | 00:00 - 00:00','00:00 - 00:00 | 00:00 - 00:00','00:00 - 00:00 | 00:00 - 00:00','00:00 - 00:00 | 00:00 - 00:00','attente',36,'contact.numero21@contact.com'),
('2019-04-08','2019-04-14','00:00 - 00:00 | 00:00 - 00:00','00:00 - 00:00 | 00:00 - 00:00','00:00 - 00:00 | 00:00 - 00:00','00:00 - 00:00 | 00:00 - 00:00','00:00 - 00:00 | 00:00 - 00:00','00:00 - 00:00 | 00:00 - 00:00','00:00 - 00:00 | 00:00 - 00:00','attente',36,'contact.numero21@contact.com'),
('2019-04-15','2019-04-21','00:00 - 00:00 | 00:00 - 00:00','00:00 - 00:00 | 00:00 - 00:00','00:00 - 00:00 | 00:00 - 00:00','00:00 - 00:00 | 00:00 - 00:00','00:00 - 00:00 | 00:00 - 00:00','00:00 - 00:00 | 00:00 - 00:00','00:00 - 00:00 | 00:00 - 00:00','attente',36,'contact.numero21@contact.com'),
('2019-04-22','2019-04-28','00:00 - 00:00 | 00:00 - 00:00','00:00 - 00:00 | 00:00 - 00:00','00:00 - 00:00 | 00:00 - 00:00','00:00 - 00:00 | 00:00 - 00:00','00:00 - 00:00 | 00:00 - 00:00','00:00 - 00:00 | 00:00 - 00:00','00:00 - 00:00 | 00:00 - 00:00','attente',36,'contact.numero21@contact.com'),

('2019-04-01','2019-04-07','00:00 - 00:00 | 00:00 - 00:00','00:00 - 00:00 | 00:00 - 00:00','00:00 - 00:00 | 00:00 - 00:00','00:00 - 00:00 | 00:00 - 00:00','00:00 - 00:00 | 00:00 - 00:00','00:00 - 00:00 | 00:00 - 00:00','00:00 - 00:00 | 00:00 - 00:00','attente',37,'contact.numero22@contact.com'),
('2019-04-08','2019-04-14','00:00 - 00:00 | 00:00 - 00:00','00:00 - 00:00 | 00:00 - 00:00','00:00 - 00:00 | 00:00 - 00:00','00:00 - 00:00 | 00:00 - 00:00','00:00 - 00:00 | 00:00 - 00:00','00:00 - 00:00 | 00:00 - 00:00','00:00 - 00:00 | 00:00 - 00:00','attente',37,'contact.numero22@contact.com'),
('2019-04-15','2019-04-21','00:00 - 00:00 | 00:00 - 00:00','00:00 - 00:00 | 00:00 - 00:00','00:00 - 00:00 | 00:00 - 00:00','00:00 - 00:00 | 00:00 - 00:00','00:00 - 00:00 | 00:00 - 00:00','00:00 - 00:00 | 00:00 - 00:00','00:00 - 00:00 | 00:00 - 00:00','attente',37,'contact.numero22@contact.com'),
('2019-04-22','2019-04-28','00:00 - 00:00 | 00:00 - 00:00','00:00 - 00:00 | 00:00 - 00:00','00:00 - 00:00 | 00:00 - 00:00','00:00 - 00:00 | 00:00 - 00:00','00:00 - 00:00 | 00:00 - 00:00','00:00 - 00:00 | 00:00 - 00:00','00:00 - 00:00 | 00:00 - 00:00','attente',37,'contact.numero22@contact.com'),

('2019-04-01','2019-04-07','00:00 - 00:00 | 00:00 - 00:00','00:00 - 00:00 | 00:00 - 00:00','00:00 - 00:00 | 00:00 - 00:00','00:00 - 00:00 | 00:00 - 00:00','00:00 - 00:00 | 00:00 - 00:00','00:00 - 00:00 | 00:00 - 00:00','00:00 - 00:00 | 00:00 - 00:00','attente',38,'contact.numero23@contact.com'),
('2019-04-08','2019-04-14','00:00 - 00:00 | 00:00 - 00:00','00:00 - 00:00 | 00:00 - 00:00','00:00 - 00:00 | 00:00 - 00:00','00:00 - 00:00 | 00:00 - 00:00','00:00 - 00:00 | 00:00 - 00:00','00:00 - 00:00 | 00:00 - 00:00','00:00 - 00:00 | 00:00 - 00:00','attente',38,'contact.numero23@contact.com'),
('2019-04-15','2019-04-21','00:00 - 00:00 | 00:00 - 00:00','00:00 - 00:00 | 00:00 - 00:00','00:00 - 00:00 | 00:00 - 00:00','00:00 - 00:00 | 00:00 - 00:00','00:00 - 00:00 | 00:00 - 00:00','00:00 - 00:00 | 00:00 - 00:00','00:00 - 00:00 | 00:00 - 00:00','attente',38,'contact.numero23@contact.com'),
('2019-04-22','2019-04-28','00:00 - 00:00 | 00:00 - 00:00','00:00 - 00:00 | 00:00 - 00:00','00:00 - 00:00 | 00:00 - 00:00','00:00 - 00:00 | 00:00 - 00:00','00:00 - 00:00 | 00:00 - 00:00','00:00 - 00:00 | 00:00 - 00:00','00:00 - 00:00 | 00:00 - 00:00','attente',38,'contact.numero23@contact.com'),

('2019-04-01','2019-04-07','00:00 - 00:00 | 00:00 - 00:00','00:00 - 00:00 | 00:00 - 00:00','00:00 - 00:00 | 00:00 - 00:00','00:00 - 00:00 | 00:00 - 00:00','00:00 - 00:00 | 00:00 - 00:00','00:00 - 00:00 | 00:00 - 00:00','00:00 - 00:00 | 00:00 - 00:00','attente',39,'contact.numero24@contact.com'),
('2019-04-08','2019-04-14','00:00 - 00:00 | 00:00 - 00:00','00:00 - 00:00 | 00:00 - 00:00','00:00 - 00:00 | 00:00 - 00:00','00:00 - 00:00 | 00:00 - 00:00','00:00 - 00:00 | 00:00 - 00:00','00:00 - 00:00 | 00:00 - 00:00','00:00 - 00:00 | 00:00 - 00:00','attente',39,'contact.numero24@contact.com'),
('2019-04-15','2019-04-21','00:00 - 00:00 | 00:00 - 00:00','00:00 - 00:00 | 00:00 - 00:00','00:00 - 00:00 | 00:00 - 00:00','00:00 - 00:00 | 00:00 - 00:00','00:00 - 00:00 | 00:00 - 00:00','00:00 - 00:00 | 00:00 - 00:00','00:00 - 00:00 | 00:00 - 00:00','attente',39,'contact.numero24@contact.com'),
('2019-04-22','2019-04-28','00:00 - 00:00 | 00:00 - 00:00','00:00 - 00:00 | 00:00 - 00:00','00:00 - 00:00 | 00:00 - 00:00','00:00 - 00:00 | 00:00 - 00:00','00:00 - 00:00 | 00:00 - 00:00','00:00 - 00:00 | 00:00 - 00:00','00:00 - 00:00 | 00:00 - 00:00','attente',39,'contact.numero24@contact.com'),

('2019-04-01','2019-04-07','00:00 - 00:00 | 00:00 - 00:00','00:00 - 00:00 | 00:00 - 00:00','00:00 - 00:00 | 00:00 - 00:00','00:00 - 00:00 | 00:00 - 00:00','00:00 - 00:00 | 00:00 - 00:00','00:00 - 00:00 | 00:00 - 00:00','00:00 - 00:00 | 00:00 - 00:00','attente',40,'contact.numero25@contact.com'),
('2019-04-08','2019-04-14','00:00 - 00:00 | 00:00 - 00:00','00:00 - 00:00 | 00:00 - 00:00','00:00 - 00:00 | 00:00 - 00:00','00:00 - 00:00 | 00:00 - 00:00','00:00 - 00:00 | 00:00 - 00:00','00:00 - 00:00 | 00:00 - 00:00','00:00 - 00:00 | 00:00 - 00:00','attente',40,'contact.numero25@contact.com'),
('2019-04-15','2019-04-21','00:00 - 00:00 | 00:00 - 00:00','00:00 - 00:00 | 00:00 - 00:00','00:00 - 00:00 | 00:00 - 00:00','00:00 - 00:00 | 00:00 - 00:00','00:00 - 00:00 | 00:00 - 00:00','00:00 - 00:00 | 00:00 - 00:00','00:00 - 00:00 | 00:00 - 00:00','attente',40,'contact.numero25@contact.com'),
('2019-04-22','2019-04-28','00:00 - 00:00 | 00:00 - 00:00','00:00 - 00:00 | 00:00 - 00:00','00:00 - 00:00 | 00:00 - 00:00','00:00 - 00:00 | 00:00 - 00:00','00:00 - 00:00 | 00:00 - 00:00','00:00 - 00:00 | 00:00 - 00:00','00:00 - 00:00 | 00:00 - 00:00','attente',40,'contact.numero25@contact.com'),

('2019-04-01','2019-04-07','00:00 - 00:00 | 00:00 - 00:00','00:00 - 00:00 | 00:00 - 00:00','00:00 - 00:00 | 00:00 - 00:00','00:00 - 00:00 | 00:00 - 00:00','00:00 - 00:00 | 00:00 - 00:00','00:00 - 00:00 | 00:00 - 00:00','00:00 - 00:00 | 00:00 - 00:00','attente',41,'contact.numero26@contact.com'),
('2019-04-08','2019-04-14','00:00 - 00:00 | 00:00 - 00:00','00:00 - 00:00 | 00:00 - 00:00','00:00 - 00:00 | 00:00 - 00:00','00:00 - 00:00 | 00:00 - 00:00','00:00 - 00:00 | 00:00 - 00:00','00:00 - 00:00 | 00:00 - 00:00','00:00 - 00:00 | 00:00 - 00:00','attente',41,'contact.numero26@contact.com'),
('2019-04-15','2019-04-21','00:00 - 00:00 | 00:00 - 00:00','00:00 - 00:00 | 00:00 - 00:00','00:00 - 00:00 | 00:00 - 00:00','00:00 - 00:00 | 00:00 - 00:00','00:00 - 00:00 | 00:00 - 00:00','00:00 - 00:00 | 00:00 - 00:00','00:00 - 00:00 | 00:00 - 00:00','attente',41,'contact.numero26@contact.com'),
('2019-04-22','2019-04-28','00:00 - 00:00 | 00:00 - 00:00','00:00 - 00:00 | 00:00 - 00:00','00:00 - 00:00 | 00:00 - 00:00','00:00 - 00:00 | 00:00 - 00:00','00:00 - 00:00 | 00:00 - 00:00','00:00 - 00:00 | 00:00 - 00:00','00:00 - 00:00 | 00:00 - 00:00','attente',41,'contact.numero26@contact.com'),

('2019-04-01','2019-04-07','00:00 - 00:00 | 00:00 - 00:00','00:00 - 00:00 | 00:00 - 00:00','00:00 - 00:00 | 00:00 - 00:00','00:00 - 00:00 | 00:00 - 00:00','00:00 - 00:00 | 00:00 - 00:00','00:00 - 00:00 | 00:00 - 00:00','00:00 - 00:00 | 00:00 - 00:00','attente',42,'contact.numero27@contact.com'),
('2019-04-08','2019-04-14','00:00 - 00:00 | 00:00 - 00:00','00:00 - 00:00 | 00:00 - 00:00','00:00 - 00:00 | 00:00 - 00:00','00:00 - 00:00 | 00:00 - 00:00','00:00 - 00:00 | 00:00 - 00:00','00:00 - 00:00 | 00:00 - 00:00','00:00 - 00:00 | 00:00 - 00:00','attente',42,'contact.numero27@contact.com'),
('2019-04-15','2019-04-21','00:00 - 00:00 | 00:00 - 00:00','00:00 - 00:00 | 00:00 - 00:00','00:00 - 00:00 | 00:00 - 00:00','00:00 - 00:00 | 00:00 - 00:00','00:00 - 00:00 | 00:00 - 00:00','00:00 - 00:00 | 00:00 - 00:00','00:00 - 00:00 | 00:00 - 00:00','attente',42,'contact.numero27@contact.com'),
('2019-04-22','2019-04-28','00:00 - 00:00 | 00:00 - 00:00','00:00 - 00:00 | 00:00 - 00:00','00:00 - 00:00 | 00:00 - 00:00','00:00 - 00:00 | 00:00 - 00:00','00:00 - 00:00 | 00:00 - 00:00','00:00 - 00:00 | 00:00 - 00:00','00:00 - 00:00 | 00:00 - 00:00','attente',42,'contact.numero27@contact.com'),

('2019-04-01','2019-04-07','00:00 - 00:00 | 00:00 - 00:00','00:00 - 00:00 | 00:00 - 00:00','00:00 - 00:00 | 00:00 - 00:00','00:00 - 00:00 | 00:00 - 00:00','00:00 - 00:00 | 00:00 - 00:00','00:00 - 00:00 | 00:00 - 00:00','00:00 - 00:00 | 00:00 - 00:00','attente',43,'contact.numero28@contact.com'),
('2019-04-08','2019-04-14','00:00 - 00:00 | 00:00 - 00:00','00:00 - 00:00 | 00:00 - 00:00','00:00 - 00:00 | 00:00 - 00:00','00:00 - 00:00 | 00:00 - 00:00','00:00 - 00:00 | 00:00 - 00:00','00:00 - 00:00 | 00:00 - 00:00','00:00 - 00:00 | 00:00 - 00:00','attente',43,'contact.numero28@contact.com'),
('2019-04-15','2019-04-21','00:00 - 00:00 | 00:00 - 00:00','00:00 - 00:00 | 00:00 - 00:00','00:00 - 00:00 | 00:00 - 00:00','00:00 - 00:00 | 00:00 - 00:00','00:00 - 00:00 | 00:00 - 00:00','00:00 - 00:00 | 00:00 - 00:00','00:00 - 00:00 | 00:00 - 00:00','attente',43,'contact.numero28@contact.com'),
('2019-04-22','2019-04-28','00:00 - 00:00 | 00:00 - 00:00','00:00 - 00:00 | 00:00 - 00:00','00:00 - 00:00 | 00:00 - 00:00','00:00 - 00:00 | 00:00 - 00:00','00:00 - 00:00 | 00:00 - 00:00','00:00 - 00:00 | 00:00 - 00:00','00:00 - 00:00 | 00:00 - 00:00','attente',43,'contact.numero28@contact.com'),

('2019-04-01','2019-04-07','00:00 - 00:00 | 00:00 - 00:00','00:00 - 00:00 | 00:00 - 00:00','00:00 - 00:00 | 00:00 - 00:00','00:00 - 00:00 | 00:00 - 00:00','00:00 - 00:00 | 00:00 - 00:00','00:00 - 00:00 | 00:00 - 00:00','00:00 - 00:00 | 00:00 - 00:00','attente',44,'contact.numero29@contact.com'),
('2019-04-08','2019-04-14','00:00 - 00:00 | 00:00 - 00:00','00:00 - 00:00 | 00:00 - 00:00','00:00 - 00:00 | 00:00 - 00:00','00:00 - 00:00 | 00:00 - 00:00','00:00 - 00:00 | 00:00 - 00:00','00:00 - 00:00 | 00:00 - 00:00','00:00 - 00:00 | 00:00 - 00:00','attente',44,'contact.numero29@contact.com'),
('2019-04-15','2019-04-21','00:00 - 00:00 | 00:00 - 00:00','00:00 - 00:00 | 00:00 - 00:00','00:00 - 00:00 | 00:00 - 00:00','00:00 - 00:00 | 00:00 - 00:00','00:00 - 00:00 | 00:00 - 00:00','00:00 - 00:00 | 00:00 - 00:00','00:00 - 00:00 | 00:00 - 00:00','attente',44,'contact.numero29@contact.com'),
('2019-04-22','2019-04-28','00:00 - 00:00 | 00:00 - 00:00','00:00 - 00:00 | 00:00 - 00:00','00:00 - 00:00 | 00:00 - 00:00','00:00 - 00:00 | 00:00 - 00:00','00:00 - 00:00 | 00:00 - 00:00','00:00 - 00:00 | 00:00 - 00:00','00:00 - 00:00 | 00:00 - 00:00','attente',44,'contact.numero29@contact.com'),

('2019-04-01','2019-04-07','00:00 - 00:00 | 00:00 - 00:00','00:00 - 00:00 | 00:00 - 00:00','00:00 - 00:00 | 00:00 - 00:00','00:00 - 00:00 | 00:00 - 00:00','00:00 - 00:00 | 00:00 - 00:00','00:00 - 00:00 | 00:00 - 00:00','00:00 - 00:00 | 00:00 - 00:00','attente',45,'contact.numero30@contact.com'),
('2019-04-08','2019-04-14','00:00 - 00:00 | 00:00 - 00:00','00:00 - 00:00 | 00:00 - 00:00','00:00 - 00:00 | 00:00 - 00:00','00:00 - 00:00 | 00:00 - 00:00','00:00 - 00:00 | 00:00 - 00:00','00:00 - 00:00 | 00:00 - 00:00','00:00 - 00:00 | 00:00 - 00:00','attente',45,'contact.numero30@contact.com'),
('2019-04-15','2019-04-21','00:00 - 00:00 | 00:00 - 00:00','00:00 - 00:00 | 00:00 - 00:00','00:00 - 00:00 | 00:00 - 00:00','00:00 - 00:00 | 00:00 - 00:00','00:00 - 00:00 | 00:00 - 00:00','00:00 - 00:00 | 00:00 - 00:00','00:00 - 00:00 | 00:00 - 00:00','attente',45,'contact.numero30@contact.com'),
('2019-04-22','2019-04-28','00:00 - 00:00 | 00:00 - 00:00','00:00 - 00:00 | 00:00 - 00:00','00:00 - 00:00 | 00:00 - 00:00','00:00 - 00:00 | 00:00 - 00:00','00:00 - 00:00 | 00:00 - 00:00','00:00 - 00:00 | 00:00 - 00:00','00:00 - 00:00 | 00:00 - 00:00','attente',45,'contact.numero30@contact.com'),

('2019-04-01','2019-04-07','00:00 - 00:00 | 00:00 - 00:00','00:00 - 00:00 | 00:00 - 00:00','00:00 - 00:00 | 00:00 - 00:00','00:00 - 00:00 | 00:00 - 00:00','00:00 - 00:00 | 00:00 - 00:00','00:00 - 00:00 | 00:00 - 00:00','00:00 - 00:00 | 00:00 - 00:00','attente',46,'contact.numero31@contact.com'),
('2019-04-08','2019-04-14','00:00 - 00:00 | 00:00 - 00:00','00:00 - 00:00 | 00:00 - 00:00','00:00 - 00:00 | 00:00 - 00:00','00:00 - 00:00 | 00:00 - 00:00','00:00 - 00:00 | 00:00 - 00:00','00:00 - 00:00 | 00:00 - 00:00','00:00 - 00:00 | 00:00 - 00:00','attente',46,'contact.numero31@contact.com'),
('2019-04-15','2019-04-21','00:00 - 00:00 | 00:00 - 00:00','00:00 - 00:00 | 00:00 - 00:00','00:00 - 00:00 | 00:00 - 00:00','00:00 - 00:00 | 00:00 - 00:00','00:00 - 00:00 | 00:00 - 00:00','00:00 - 00:00 | 00:00 - 00:00','00:00 - 00:00 | 00:00 - 00:00','attente',46,'contact.numero31@contact.com'),
('2019-04-22','2019-04-28','00:00 - 00:00 | 00:00 - 00:00','00:00 - 00:00 | 00:00 - 00:00','00:00 - 00:00 | 00:00 - 00:00','00:00 - 00:00 | 00:00 - 00:00','00:00 - 00:00 | 00:00 - 00:00','00:00 - 00:00 | 00:00 - 00:00','00:00 - 00:00 | 00:00 - 00:00','attente',46,'contact.numero31@contact.com'),

('2019-04-01','2019-04-07','00:00 - 00:00 | 00:00 - 00:00','00:00 - 00:00 | 00:00 - 00:00','00:00 - 00:00 | 00:00 - 00:00','00:00 - 00:00 | 00:00 - 00:00','00:00 - 00:00 | 00:00 - 00:00','00:00 - 00:00 | 00:00 - 00:00','00:00 - 00:00 | 00:00 - 00:00','attente',47,'contact.numero32@contact.com'),
('2019-04-08','2019-04-14','00:00 - 00:00 | 00:00 - 00:00','00:00 - 00:00 | 00:00 - 00:00','00:00 - 00:00 | 00:00 - 00:00','00:00 - 00:00 | 00:00 - 00:00','00:00 - 00:00 | 00:00 - 00:00','00:00 - 00:00 | 00:00 - 00:00','00:00 - 00:00 | 00:00 - 00:00','attente',47,'contact.numero32@contact.com'),
('2019-04-15','2019-04-21','00:00 - 00:00 | 00:00 - 00:00','00:00 - 00:00 | 00:00 - 00:00','00:00 - 00:00 | 00:00 - 00:00','00:00 - 00:00 | 00:00 - 00:00','00:00 - 00:00 | 00:00 - 00:00','00:00 - 00:00 | 00:00 - 00:00','00:00 - 00:00 | 00:00 - 00:00','attente',47,'contact.numero32@contact.com'),
('2019-04-22','2019-04-28','00:00 - 00:00 | 00:00 - 00:00','00:00 - 00:00 | 00:00 - 00:00','00:00 - 00:00 | 00:00 - 00:00','00:00 - 00:00 | 00:00 - 00:00','00:00 - 00:00 | 00:00 - 00:00','00:00 - 00:00 | 00:00 - 00:00','00:00 - 00:00 | 00:00 - 00:00','attente',47,'contact.numero32@contact.com'),

('2019-04-01','2019-04-07','00:00 - 00:00 | 00:00 - 00:00','00:00 - 00:00 | 00:00 - 00:00','00:00 - 00:00 | 00:00 - 00:00','00:00 - 00:00 | 00:00 - 00:00','00:00 - 00:00 | 00:00 - 00:00','00:00 - 00:00 | 00:00 - 00:00','00:00 - 00:00 | 00:00 - 00:00','attente',48,'contact.numero33@contact.com'),
('2019-04-08','2019-04-14','00:00 - 00:00 | 00:00 - 00:00','00:00 - 00:00 | 00:00 - 00:00','00:00 - 00:00 | 00:00 - 00:00','00:00 - 00:00 | 00:00 - 00:00','00:00 - 00:00 | 00:00 - 00:00','00:00 - 00:00 | 00:00 - 00:00','00:00 - 00:00 | 00:00 - 00:00','attente',48,'contact.numero33@contact.com'),
('2019-04-15','2019-04-21','00:00 - 00:00 | 00:00 - 00:00','00:00 - 00:00 | 00:00 - 00:00','00:00 - 00:00 | 00:00 - 00:00','00:00 - 00:00 | 00:00 - 00:00','00:00 - 00:00 | 00:00 - 00:00','00:00 - 00:00 | 00:00 - 00:00','00:00 - 00:00 | 00:00 - 00:00','attente',48,'contact.numero33@contact.com'),
('2019-04-22','2019-04-28','00:00 - 00:00 | 00:00 - 00:00','00:00 - 00:00 | 00:00 - 00:00','00:00 - 00:00 | 00:00 - 00:00','00:00 - 00:00 | 00:00 - 00:00','00:00 - 00:00 | 00:00 - 00:00','00:00 - 00:00 | 00:00 - 00:00','00:00 - 00:00 | 00:00 - 00:00','attente',48,'contact.numero33@contact.com'),

('2019-04-01','2019-04-07','00:00 - 00:00 | 00:00 - 00:00','00:00 - 00:00 | 00:00 - 00:00','00:00 - 00:00 | 00:00 - 00:00','00:00 - 00:00 | 00:00 - 00:00','00:00 - 00:00 | 00:00 - 00:00','00:00 - 00:00 | 00:00 - 00:00','00:00 - 00:00 | 00:00 - 00:00','attente',49,'contact.numero34@contact.com'),
('2019-04-08','2019-04-14','00:00 - 00:00 | 00:00 - 00:00','00:00 - 00:00 | 00:00 - 00:00','00:00 - 00:00 | 00:00 - 00:00','00:00 - 00:00 | 00:00 - 00:00','00:00 - 00:00 | 00:00 - 00:00','00:00 - 00:00 | 00:00 - 00:00','00:00 - 00:00 | 00:00 - 00:00','attente',49,'contact.numero34@contact.com'),
('2019-04-15','2019-04-21','00:00 - 00:00 | 00:00 - 00:00','00:00 - 00:00 | 00:00 - 00:00','00:00 - 00:00 | 00:00 - 00:00','00:00 - 00:00 | 00:00 - 00:00','00:00 - 00:00 | 00:00 - 00:00','00:00 - 00:00 | 00:00 - 00:00','00:00 - 00:00 | 00:00 - 00:00','attente',49,'contact.numero34@contact.com'),
('2019-04-22','2019-04-28','00:00 - 00:00 | 00:00 - 00:00','00:00 - 00:00 | 00:00 - 00:00','00:00 - 00:00 | 00:00 - 00:00','00:00 - 00:00 | 00:00 - 00:00','00:00 - 00:00 | 00:00 - 00:00','00:00 - 00:00 | 00:00 - 00:00','00:00 - 00:00 | 00:00 - 00:00','attente',49,'contact.numero34@contact.com'),

('2019-04-01','2019-04-07','00:00 - 00:00 | 00:00 - 00:00','00:00 - 00:00 | 00:00 - 00:00','00:00 - 00:00 | 00:00 - 00:00','00:00 - 00:00 | 00:00 - 00:00','00:00 - 00:00 | 00:00 - 00:00','00:00 - 00:00 | 00:00 - 00:00','00:00 - 00:00 | 00:00 - 00:00','attente',50,'contact.numero35@contact.com'),
('2019-04-08','2019-04-14','00:00 - 00:00 | 00:00 - 00:00','00:00 - 00:00 | 00:00 - 00:00','00:00 - 00:00 | 00:00 - 00:00','00:00 - 00:00 | 00:00 - 00:00','00:00 - 00:00 | 00:00 - 00:00','00:00 - 00:00 | 00:00 - 00:00','00:00 - 00:00 | 00:00 - 00:00','attente',50,'contact.numero35@contact.com'),
('2019-04-15','2019-04-21','00:00 - 00:00 | 00:00 - 00:00','00:00 - 00:00 | 00:00 - 00:00','00:00 - 00:00 | 00:00 - 00:00','00:00 - 00:00 | 00:00 - 00:00','00:00 - 00:00 | 00:00 - 00:00','00:00 - 00:00 | 00:00 - 00:00','00:00 - 00:00 | 00:00 - 00:00','attente',50,'contact.numero35@contact.com'),
('2019-04-22','2019-04-28','00:00 - 00:00 | 00:00 - 00:00','00:00 - 00:00 | 00:00 - 00:00','00:00 - 00:00 | 00:00 - 00:00','00:00 - 00:00 | 00:00 - 00:00','00:00 - 00:00 | 00:00 - 00:00','00:00 - 00:00 | 00:00 - 00:00','00:00 - 00:00 | 00:00 - 00:00','attente',50,'contact.numero35@contact.com'),

('2019-04-01','2019-04-07','00:00 - 00:00 | 00:00 - 00:00','00:00 - 00:00 | 00:00 - 00:00','00:00 - 00:00 | 00:00 - 00:00','00:00 - 00:00 | 00:00 - 00:00','00:00 - 00:00 | 00:00 - 00:00','00:00 - 00:00 | 00:00 - 00:00','00:00 - 00:00 | 00:00 - 00:00','attente',51,'contact.numero36@contact.com'),
('2019-04-08','2019-04-14','00:00 - 00:00 | 00:00 - 00:00','00:00 - 00:00 | 00:00 - 00:00','00:00 - 00:00 | 00:00 - 00:00','00:00 - 00:00 | 00:00 - 00:00','00:00 - 00:00 | 00:00 - 00:00','00:00 - 00:00 | 00:00 - 00:00','00:00 - 00:00 | 00:00 - 00:00','attente',51,'contact.numero36@contact.com'),
('2019-04-15','2019-04-21','00:00 - 00:00 | 00:00 - 00:00','00:00 - 00:00 | 00:00 - 00:00','00:00 - 00:00 | 00:00 - 00:00','00:00 - 00:00 | 00:00 - 00:00','00:00 - 00:00 | 00:00 - 00:00','00:00 - 00:00 | 00:00 - 00:00','00:00 - 00:00 | 00:00 - 00:00','attente',51,'contact.numero36@contact.com'),
('2019-04-22','2019-04-28','00:00 - 00:00 | 00:00 - 00:00','00:00 - 00:00 | 00:00 - 00:00','00:00 - 00:00 | 00:00 - 00:00','00:00 - 00:00 | 00:00 - 00:00','00:00 - 00:00 | 00:00 - 00:00','00:00 - 00:00 | 00:00 - 00:00','00:00 - 00:00 | 00:00 - 00:00','attente',51,'contact.numero36@contact.com'),

('2019-04-01','2019-04-07','00:00 - 00:00 | 00:00 - 00:00','00:00 - 00:00 | 00:00 - 00:00','00:00 - 00:00 | 00:00 - 00:00','00:00 - 00:00 | 00:00 - 00:00','00:00 - 00:00 | 00:00 - 00:00','00:00 - 00:00 | 00:00 - 00:00','00:00 - 00:00 | 00:00 - 00:00','attente',52,'contact.numero37@contact.com'),
('2019-04-08','2019-04-14','00:00 - 00:00 | 00:00 - 00:00','00:00 - 00:00 | 00:00 - 00:00','00:00 - 00:00 | 00:00 - 00:00','00:00 - 00:00 | 00:00 - 00:00','00:00 - 00:00 | 00:00 - 00:00','00:00 - 00:00 | 00:00 - 00:00','00:00 - 00:00 | 00:00 - 00:00','attente',52,'contact.numero37@contact.com'),
('2019-04-15','2019-04-21','00:00 - 00:00 | 00:00 - 00:00','00:00 - 00:00 | 00:00 - 00:00','00:00 - 00:00 | 00:00 - 00:00','00:00 - 00:00 | 00:00 - 00:00','00:00 - 00:00 | 00:00 - 00:00','00:00 - 00:00 | 00:00 - 00:00','00:00 - 00:00 | 00:00 - 00:00','attente',52,'contact.numero37@contact.com'),
('2019-04-22','2019-04-28','00:00 - 00:00 | 00:00 - 00:00','00:00 - 00:00 | 00:00 - 00:00','00:00 - 00:00 | 00:00 - 00:00','00:00 - 00:00 | 00:00 - 00:00','00:00 - 00:00 | 00:00 - 00:00','00:00 - 00:00 | 00:00 - 00:00','00:00 - 00:00 | 00:00 - 00:00','attente',52,'contact.numero37@contact.com'),

('2019-04-01','2019-04-07','00:00 - 00:00 | 00:00 - 00:00','00:00 - 00:00 | 00:00 - 00:00','00:00 - 00:00 | 00:00 - 00:00','00:00 - 00:00 | 00:00 - 00:00','00:00 - 00:00 | 00:00 - 00:00','00:00 - 00:00 | 00:00 - 00:00','00:00 - 00:00 | 00:00 - 00:00','attente',53,'contact.numero38@contact.com'),
('2019-04-08','2019-04-14','00:00 - 00:00 | 00:00 - 00:00','00:00 - 00:00 | 00:00 - 00:00','00:00 - 00:00 | 00:00 - 00:00','00:00 - 00:00 | 00:00 - 00:00','00:00 - 00:00 | 00:00 - 00:00','00:00 - 00:00 | 00:00 - 00:00','00:00 - 00:00 | 00:00 - 00:00','attente',53,'contact.numero38@contact.com'),
('2019-04-15','2019-04-21','00:00 - 00:00 | 00:00 - 00:00','00:00 - 00:00 | 00:00 - 00:00','00:00 - 00:00 | 00:00 - 00:00','00:00 - 00:00 | 00:00 - 00:00','00:00 - 00:00 | 00:00 - 00:00','00:00 - 00:00 | 00:00 - 00:00','00:00 - 00:00 | 00:00 - 00:00','attente',53,'contact.numero38@contact.com'),
('2019-04-22','2019-04-28','00:00 - 00:00 | 00:00 - 00:00','00:00 - 00:00 | 00:00 - 00:00','00:00 - 00:00 | 00:00 - 00:00','00:00 - 00:00 | 00:00 - 00:00','00:00 - 00:00 | 00:00 - 00:00','00:00 - 00:00 | 00:00 - 00:00','00:00 - 00:00 | 00:00 - 00:00','attente',53,'contact.numero38@contact.com'),

('2019-04-01','2019-04-07','00:00 - 00:00 | 00:00 - 00:00','00:00 - 00:00 | 00:00 - 00:00','00:00 - 00:00 | 00:00 - 00:00','00:00 - 00:00 | 00:00 - 00:00','00:00 - 00:00 | 00:00 - 00:00','00:00 - 00:00 | 00:00 - 00:00','00:00 - 00:00 | 00:00 - 00:00','attente',54,'contact.numero39@contact.com'),
('2019-04-08','2019-04-14','00:00 - 00:00 | 00:00 - 00:00','00:00 - 00:00 | 00:00 - 00:00','00:00 - 00:00 | 00:00 - 00:00','00:00 - 00:00 | 00:00 - 00:00','00:00 - 00:00 | 00:00 - 00:00','00:00 - 00:00 | 00:00 - 00:00','00:00 - 00:00 | 00:00 - 00:00','attente',54,'contact.numero39@contact.com'),
('2019-04-15','2019-04-21','00:00 - 00:00 | 00:00 - 00:00','00:00 - 00:00 | 00:00 - 00:00','00:00 - 00:00 | 00:00 - 00:00','00:00 - 00:00 | 00:00 - 00:00','00:00 - 00:00 | 00:00 - 00:00','00:00 - 00:00 | 00:00 - 00:00','00:00 - 00:00 | 00:00 - 00:00','attente',54,'contact.numero39@contact.com'),
('2019-04-22','2019-04-28','00:00 - 00:00 | 00:00 - 00:00','00:00 - 00:00 | 00:00 - 00:00','00:00 - 00:00 | 00:00 - 00:00','00:00 - 00:00 | 00:00 - 00:00','00:00 - 00:00 | 00:00 - 00:00','00:00 - 00:00 | 00:00 - 00:00','00:00 - 00:00 | 00:00 - 00:00','attente',54,'contact.numero39@contact.com'),

('2019-04-01','2019-04-07','00:00 - 00:00 | 00:00 - 00:00','00:00 - 00:00 | 00:00 - 00:00','00:00 - 00:00 | 00:00 - 00:00','00:00 - 00:00 | 00:00 - 00:00','00:00 - 00:00 | 00:00 - 00:00','00:00 - 00:00 | 00:00 - 00:00','00:00 - 00:00 | 00:00 - 00:00','attente',55,'contact.numero40@contact.com'),
('2019-04-08','2019-04-14','00:00 - 00:00 | 00:00 - 00:00','00:00 - 00:00 | 00:00 - 00:00','00:00 - 00:00 | 00:00 - 00:00','00:00 - 00:00 | 00:00 - 00:00','00:00 - 00:00 | 00:00 - 00:00','00:00 - 00:00 | 00:00 - 00:00','00:00 - 00:00 | 00:00 - 00:00','attente',55,'contact.numero40@contact.com'),
('2019-04-15','2019-04-21','00:00 - 00:00 | 00:00 - 00:00','00:00 - 00:00 | 00:00 - 00:00','00:00 - 00:00 | 00:00 - 00:00','00:00 - 00:00 | 00:00 - 00:00','00:00 - 00:00 | 00:00 - 00:00','00:00 - 00:00 | 00:00 - 00:00','00:00 - 00:00 | 00:00 - 00:00','attente',55,'contact.numero40@contact.com'),
('2019-04-22','2019-04-28','00:00 - 00:00 | 00:00 - 00:00','00:00 - 00:00 | 00:00 - 00:00','00:00 - 00:00 | 00:00 - 00:00','00:00 - 00:00 | 00:00 - 00:00','00:00 - 00:00 | 00:00 - 00:00','00:00 - 00:00 | 00:00 - 00:00','00:00 - 00:00 | 00:00 - 00:00','attente',55,'contact.numero40@contact.com'),

('2019-04-01','2019-04-07','00:00 - 00:00 | 00:00 - 00:00','00:00 - 00:00 | 00:00 - 00:00','00:00 - 00:00 | 00:00 - 00:00','00:00 - 00:00 | 00:00 - 00:00','00:00 - 00:00 | 00:00 - 00:00','00:00 - 00:00 | 00:00 - 00:00','00:00 - 00:00 | 00:00 - 00:00','attente',56,'contact.numero41@contact.com'),
('2019-04-08','2019-04-14','00:00 - 00:00 | 00:00 - 00:00','00:00 - 00:00 | 00:00 - 00:00','00:00 - 00:00 | 00:00 - 00:00','00:00 - 00:00 | 00:00 - 00:00','00:00 - 00:00 | 00:00 - 00:00','00:00 - 00:00 | 00:00 - 00:00','00:00 - 00:00 | 00:00 - 00:00','attente',56,'contact.numero41@contact.com'),
('2019-04-15','2019-04-21','00:00 - 00:00 | 00:00 - 00:00','00:00 - 00:00 | 00:00 - 00:00','00:00 - 00:00 | 00:00 - 00:00','00:00 - 00:00 | 00:00 - 00:00','00:00 - 00:00 | 00:00 - 00:00','00:00 - 00:00 | 00:00 - 00:00','00:00 - 00:00 | 00:00 - 00:00','attente',56,'contact.numero41@contact.com'),
('2019-04-22','2019-04-28','00:00 - 00:00 | 00:00 - 00:00','00:00 - 00:00 | 00:00 - 00:00','00:00 - 00:00 | 00:00 - 00:00','00:00 - 00:00 | 00:00 - 00:00','00:00 - 00:00 | 00:00 - 00:00','00:00 - 00:00 | 00:00 - 00:00','00:00 - 00:00 | 00:00 - 00:00','attente',56,'contact.numero41@contact.com'),

('2019-04-01','2019-04-07','00:00 - 00:00 | 00:00 - 00:00','00:00 - 00:00 | 00:00 - 00:00','00:00 - 00:00 | 00:00 - 00:00','00:00 - 00:00 | 00:00 - 00:00','00:00 - 00:00 | 00:00 - 00:00','00:00 - 00:00 | 00:00 - 00:00','00:00 - 00:00 | 00:00 - 00:00','attente',57,'contact.numero42@contact.com'),
('2019-04-08','2019-04-14','00:00 - 00:00 | 00:00 - 00:00','00:00 - 00:00 | 00:00 - 00:00','00:00 - 00:00 | 00:00 - 00:00','00:00 - 00:00 | 00:00 - 00:00','00:00 - 00:00 | 00:00 - 00:00','00:00 - 00:00 | 00:00 - 00:00','00:00 - 00:00 | 00:00 - 00:00','attente',57,'contact.numero42@contact.com'),
('2019-04-15','2019-04-21','00:00 - 00:00 | 00:00 - 00:00','00:00 - 00:00 | 00:00 - 00:00','00:00 - 00:00 | 00:00 - 00:00','00:00 - 00:00 | 00:00 - 00:00','00:00 - 00:00 | 00:00 - 00:00','00:00 - 00:00 | 00:00 - 00:00','00:00 - 00:00 | 00:00 - 00:00','attente',57,'contact.numero42@contact.com'),
('2019-04-22','2019-04-28','00:00 - 00:00 | 00:00 - 00:00','00:00 - 00:00 | 00:00 - 00:00','00:00 - 00:00 | 00:00 - 00:00','00:00 - 00:00 | 00:00 - 00:00','00:00 - 00:00 | 00:00 - 00:00','00:00 - 00:00 | 00:00 - 00:00','00:00 - 00:00 | 00:00 - 00:00','attente',57,'contact.numero42@contact.com'),

('2019-04-01','2019-04-07','00:00 - 00:00 | 00:00 - 00:00','00:00 - 00:00 | 00:00 - 00:00','00:00 - 00:00 | 00:00 - 00:00','00:00 - 00:00 | 00:00 - 00:00','00:00 - 00:00 | 00:00 - 00:00','00:00 - 00:00 | 00:00 - 00:00','00:00 - 00:00 | 00:00 - 00:00','attente',58,'contact.numero43@contact.com'),
('2019-04-08','2019-04-14','00:00 - 00:00 | 00:00 - 00:00','00:00 - 00:00 | 00:00 - 00:00','00:00 - 00:00 | 00:00 - 00:00','00:00 - 00:00 | 00:00 - 00:00','00:00 - 00:00 | 00:00 - 00:00','00:00 - 00:00 | 00:00 - 00:00','00:00 - 00:00 | 00:00 - 00:00','attente',58,'contact.numero43@contact.com'),
('2019-04-15','2019-04-21','00:00 - 00:00 | 00:00 - 00:00','00:00 - 00:00 | 00:00 - 00:00','00:00 - 00:00 | 00:00 - 00:00','00:00 - 00:00 | 00:00 - 00:00','00:00 - 00:00 | 00:00 - 00:00','00:00 - 00:00 | 00:00 - 00:00','00:00 - 00:00 | 00:00 - 00:00','attente',58,'contact.numero43@contact.com'),
('2019-04-22','2019-04-28','00:00 - 00:00 | 00:00 - 00:00','00:00 - 00:00 | 00:00 - 00:00','00:00 - 00:00 | 00:00 - 00:00','00:00 - 00:00 | 00:00 - 00:00','00:00 - 00:00 | 00:00 - 00:00','00:00 - 00:00 | 00:00 - 00:00','00:00 - 00:00 | 00:00 - 00:00','attente',58,'contact.numero43@contact.com'),

('2019-04-01','2019-04-07','00:00 - 00:00 | 00:00 - 00:00','00:00 - 00:00 | 00:00 - 00:00','00:00 - 00:00 | 00:00 - 00:00','00:00 - 00:00 | 00:00 - 00:00','00:00 - 00:00 | 00:00 - 00:00','00:00 - 00:00 | 00:00 - 00:00','00:00 - 00:00 | 00:00 - 00:00','attente',59,'contact.numero44@contact.com'),
('2019-04-08','2019-04-14','00:00 - 00:00 | 00:00 - 00:00','00:00 - 00:00 | 00:00 - 00:00','00:00 - 00:00 | 00:00 - 00:00','00:00 - 00:00 | 00:00 - 00:00','00:00 - 00:00 | 00:00 - 00:00','00:00 - 00:00 | 00:00 - 00:00','00:00 - 00:00 | 00:00 - 00:00','attente',59,'contact.numero44@contact.com'),
('2019-04-15','2019-04-21','00:00 - 00:00 | 00:00 - 00:00','00:00 - 00:00 | 00:00 - 00:00','00:00 - 00:00 | 00:00 - 00:00','00:00 - 00:00 | 00:00 - 00:00','00:00 - 00:00 | 00:00 - 00:00','00:00 - 00:00 | 00:00 - 00:00','00:00 - 00:00 | 00:00 - 00:00','attente',59,'contact.numero44@contact.com'),
('2019-04-22','2019-04-28','00:00 - 00:00 | 00:00 - 00:00','00:00 - 00:00 | 00:00 - 00:00','00:00 - 00:00 | 00:00 - 00:00','00:00 - 00:00 | 00:00 - 00:00','00:00 - 00:00 | 00:00 - 00:00','00:00 - 00:00 | 00:00 - 00:00','00:00 - 00:00 | 00:00 - 00:00','attente',59,'contact.numero44@contact.com'),

('2019-04-01','2019-04-07','00:00 - 00:00 | 00:00 - 00:00','00:00 - 00:00 | 00:00 - 00:00','00:00 - 00:00 | 00:00 - 00:00','00:00 - 00:00 | 00:00 - 00:00','00:00 - 00:00 | 00:00 - 00:00','00:00 - 00:00 | 00:00 - 00:00','00:00 - 00:00 | 00:00 - 00:00','attente',60,'contact.numero20@contact.com'),
('2019-04-08','2019-04-14','00:00 - 00:00 | 00:00 - 00:00','00:00 - 00:00 | 00:00 - 00:00','00:00 - 00:00 | 00:00 - 00:00','00:00 - 00:00 | 00:00 - 00:00','00:00 - 00:00 | 00:00 - 00:00','00:00 - 00:00 | 00:00 - 00:00','00:00 - 00:00 | 00:00 - 00:00','attente',60,'contact.numero20@contact.com'),
('2019-04-15','2019-04-21','00:00 - 00:00 | 00:00 - 00:00','00:00 - 00:00 | 00:00 - 00:00','00:00 - 00:00 | 00:00 - 00:00','00:00 - 00:00 | 00:00 - 00:00','00:00 - 00:00 | 00:00 - 00:00','00:00 - 00:00 | 00:00 - 00:00','00:00 - 00:00 | 00:00 - 00:00','attente',60,'contact.numero20@contact.com'),
('2019-04-22','2019-04-28','00:00 - 00:00 | 00:00 - 00:00','00:00 - 00:00 | 00:00 - 00:00','00:00 - 00:00 | 00:00 - 00:00','00:00 - 00:00 | 00:00 - 00:00','00:00 - 00:00 | 00:00 - 00:00','00:00 - 00:00 | 00:00 - 00:00','00:00 - 00:00 | 00:00 - 00:00','attente',60,'contact.numero20@contact.com'),

('2019-04-01','2019-04-07','00:00 - 00:00 | 00:00 - 00:00','00:00 - 00:00 | 00:00 - 00:00','00:00 - 00:00 | 00:00 - 00:00','00:00 - 00:00 | 00:00 - 00:00','00:00 - 00:00 | 00:00 - 00:00','00:00 - 00:00 | 00:00 - 00:00','00:00 - 00:00 | 00:00 - 00:00','attente',61,'contact.numero21@contact.com'),
('2019-04-08','2019-04-14','00:00 - 00:00 | 00:00 - 00:00','00:00 - 00:00 | 00:00 - 00:00','00:00 - 00:00 | 00:00 - 00:00','00:00 - 00:00 | 00:00 - 00:00','00:00 - 00:00 | 00:00 - 00:00','00:00 - 00:00 | 00:00 - 00:00','00:00 - 00:00 | 00:00 - 00:00','attente',61,'contact.numero21@contact.com'),
('2019-04-15','2019-04-21','00:00 - 00:00 | 00:00 - 00:00','00:00 - 00:00 | 00:00 - 00:00','00:00 - 00:00 | 00:00 - 00:00','00:00 - 00:00 | 00:00 - 00:00','00:00 - 00:00 | 00:00 - 00:00','00:00 - 00:00 | 00:00 - 00:00','00:00 - 00:00 | 00:00 - 00:00','attente',61,'contact.numero21@contact.com'),
('2019-04-22','2019-04-28','00:00 - 00:00 | 00:00 - 00:00','00:00 - 00:00 | 00:00 - 00:00','00:00 - 00:00 | 00:00 - 00:00','00:00 - 00:00 | 00:00 - 00:00','00:00 - 00:00 | 00:00 - 00:00','00:00 - 00:00 | 00:00 - 00:00','00:00 - 00:00 | 00:00 - 00:00','attente',61,'contact.numero21@contact.com'),

('2019-04-01','2019-04-07','00:00 - 00:00 | 00:00 - 00:00','00:00 - 00:00 | 00:00 - 00:00','00:00 - 00:00 | 00:00 - 00:00','00:00 - 00:00 | 00:00 - 00:00','00:00 - 00:00 | 00:00 - 00:00','00:00 - 00:00 | 00:00 - 00:00','00:00 - 00:00 | 00:00 - 00:00','attente',62,'contact.numero22@contact.com'),
('2019-04-08','2019-04-14','00:00 - 00:00 | 00:00 - 00:00','00:00 - 00:00 | 00:00 - 00:00','00:00 - 00:00 | 00:00 - 00:00','00:00 - 00:00 | 00:00 - 00:00','00:00 - 00:00 | 00:00 - 00:00','00:00 - 00:00 | 00:00 - 00:00','00:00 - 00:00 | 00:00 - 00:00','attente',62,'contact.numero22@contact.com'),
('2019-04-15','2019-04-21','00:00 - 00:00 | 00:00 - 00:00','00:00 - 00:00 | 00:00 - 00:00','00:00 - 00:00 | 00:00 - 00:00','00:00 - 00:00 | 00:00 - 00:00','00:00 - 00:00 | 00:00 - 00:00','00:00 - 00:00 | 00:00 - 00:00','00:00 - 00:00 | 00:00 - 00:00','attente',62,'contact.numero22@contact.com'),
('2019-04-22','2019-04-28','00:00 - 00:00 | 00:00 - 00:00','00:00 - 00:00 | 00:00 - 00:00','00:00 - 00:00 | 00:00 - 00:00','00:00 - 00:00 | 00:00 - 00:00','00:00 - 00:00 | 00:00 - 00:00','00:00 - 00:00 | 00:00 - 00:00','00:00 - 00:00 | 00:00 - 00:00','attente',62,'contact.numero22@contact.com'),

('2019-04-01','2019-04-07','00:00 - 00:00 | 00:00 - 00:00','00:00 - 00:00 | 00:00 - 00:00','00:00 - 00:00 | 00:00 - 00:00','00:00 - 00:00 | 00:00 - 00:00','00:00 - 00:00 | 00:00 - 00:00','00:00 - 00:00 | 00:00 - 00:00','00:00 - 00:00 | 00:00 - 00:00','attente',63,'contact.numero23@contact.com'),
('2019-04-08','2019-04-14','00:00 - 00:00 | 00:00 - 00:00','00:00 - 00:00 | 00:00 - 00:00','00:00 - 00:00 | 00:00 - 00:00','00:00 - 00:00 | 00:00 - 00:00','00:00 - 00:00 | 00:00 - 00:00','00:00 - 00:00 | 00:00 - 00:00','00:00 - 00:00 | 00:00 - 00:00','attente',63,'contact.numero23@contact.com'),
('2019-04-15','2019-04-21','00:00 - 00:00 | 00:00 - 00:00','00:00 - 00:00 | 00:00 - 00:00','00:00 - 00:00 | 00:00 - 00:00','00:00 - 00:00 | 00:00 - 00:00','00:00 - 00:00 | 00:00 - 00:00','00:00 - 00:00 | 00:00 - 00:00','00:00 - 00:00 | 00:00 - 00:00','attente',63,'contact.numero23@contact.com'),
('2019-04-22','2019-04-28','00:00 - 00:00 | 00:00 - 00:00','00:00 - 00:00 | 00:00 - 00:00','00:00 - 00:00 | 00:00 - 00:00','00:00 - 00:00 | 00:00 - 00:00','00:00 - 00:00 | 00:00 - 00:00','00:00 - 00:00 | 00:00 - 00:00','00:00 - 00:00 | 00:00 - 00:00','attente',63,'contact.numero23@contact.com'),

('2019-04-01','2019-04-07','00:00 - 00:00 | 00:00 - 00:00','00:00 - 00:00 | 00:00 - 00:00','00:00 - 00:00 | 00:00 - 00:00','00:00 - 00:00 | 00:00 - 00:00','00:00 - 00:00 | 00:00 - 00:00','00:00 - 00:00 | 00:00 - 00:00','00:00 - 00:00 | 00:00 - 00:00','attente',64,'contact.numero24@contact.com'),
('2019-04-08','2019-04-14','00:00 - 00:00 | 00:00 - 00:00','00:00 - 00:00 | 00:00 - 00:00','00:00 - 00:00 | 00:00 - 00:00','00:00 - 00:00 | 00:00 - 00:00','00:00 - 00:00 | 00:00 - 00:00','00:00 - 00:00 | 00:00 - 00:00','00:00 - 00:00 | 00:00 - 00:00','attente',64,'contact.numero24@contact.com'),
('2019-04-15','2019-04-21','00:00 - 00:00 | 00:00 - 00:00','00:00 - 00:00 | 00:00 - 00:00','00:00 - 00:00 | 00:00 - 00:00','00:00 - 00:00 | 00:00 - 00:00','00:00 - 00:00 | 00:00 - 00:00','00:00 - 00:00 | 00:00 - 00:00','00:00 - 00:00 | 00:00 - 00:00','attente',64,'contact.numero24@contact.com'),
('2019-04-22','2019-04-28','00:00 - 00:00 | 00:00 - 00:00','00:00 - 00:00 | 00:00 - 00:00','00:00 - 00:00 | 00:00 - 00:00','00:00 - 00:00 | 00:00 - 00:00','00:00 - 00:00 | 00:00 - 00:00','00:00 - 00:00 | 00:00 - 00:00','00:00 - 00:00 | 00:00 - 00:00','attente',64,'contact.numero24@contact.com'),

('2019-04-01','2019-04-07','00:00 - 00:00 | 00:00 - 00:00','00:00 - 00:00 | 00:00 - 00:00','00:00 - 00:00 | 00:00 - 00:00','00:00 - 00:00 | 00:00 - 00:00','00:00 - 00:00 | 00:00 - 00:00','00:00 - 00:00 | 00:00 - 00:00','00:00 - 00:00 | 00:00 - 00:00','attente',65,'contact.numero25@contact.com'),
('2019-04-08','2019-04-14','00:00 - 00:00 | 00:00 - 00:00','00:00 - 00:00 | 00:00 - 00:00','00:00 - 00:00 | 00:00 - 00:00','00:00 - 00:00 | 00:00 - 00:00','00:00 - 00:00 | 00:00 - 00:00','00:00 - 00:00 | 00:00 - 00:00','00:00 - 00:00 | 00:00 - 00:00','attente',65,'contact.numero25@contact.com'),
('2019-04-15','2019-04-21','00:00 - 00:00 | 00:00 - 00:00','00:00 - 00:00 | 00:00 - 00:00','00:00 - 00:00 | 00:00 - 00:00','00:00 - 00:00 | 00:00 - 00:00','00:00 - 00:00 | 00:00 - 00:00','00:00 - 00:00 | 00:00 - 00:00','00:00 - 00:00 | 00:00 - 00:00','attente',65,'contact.numero25@contact.com'),
('2019-04-22','2019-04-28','00:00 - 00:00 | 00:00 - 00:00','00:00 - 00:00 | 00:00 - 00:00','00:00 - 00:00 | 00:00 - 00:00','00:00 - 00:00 | 00:00 - 00:00','00:00 - 00:00 | 00:00 - 00:00','00:00 - 00:00 | 00:00 - 00:00','00:00 - 00:00 | 00:00 - 00:00','attente',65,'contact.numero25@contact.com'),

('2019-04-01','2019-04-07','00:00 - 00:00 | 00:00 - 00:00','00:00 - 00:00 | 00:00 - 00:00','00:00 - 00:00 | 00:00 - 00:00','00:00 - 00:00 | 00:00 - 00:00','00:00 - 00:00 | 00:00 - 00:00','00:00 - 00:00 | 00:00 - 00:00','00:00 - 00:00 | 00:00 - 00:00','attente',66,'contact.numero26@contact.com'),
('2019-04-08','2019-04-14','00:00 - 00:00 | 00:00 - 00:00','00:00 - 00:00 | 00:00 - 00:00','00:00 - 00:00 | 00:00 - 00:00','00:00 - 00:00 | 00:00 - 00:00','00:00 - 00:00 | 00:00 - 00:00','00:00 - 00:00 | 00:00 - 00:00','00:00 - 00:00 | 00:00 - 00:00','attente',66,'contact.numero26@contact.com'),
('2019-04-15','2019-04-21','00:00 - 00:00 | 00:00 - 00:00','00:00 - 00:00 | 00:00 - 00:00','00:00 - 00:00 | 00:00 - 00:00','00:00 - 00:00 | 00:00 - 00:00','00:00 - 00:00 | 00:00 - 00:00','00:00 - 00:00 | 00:00 - 00:00','00:00 - 00:00 | 00:00 - 00:00','attente',66,'contact.numero26@contact.com'),
('2019-04-22','2019-04-28','00:00 - 00:00 | 00:00 - 00:00','00:00 - 00:00 | 00:00 - 00:00','00:00 - 00:00 | 00:00 - 00:00','00:00 - 00:00 | 00:00 - 00:00','00:00 - 00:00 | 00:00 - 00:00','00:00 - 00:00 | 00:00 - 00:00','00:00 - 00:00 | 00:00 - 00:00','attente',66,'contact.numero26@contact.com'),

('2019-04-01','2019-04-07','00:00 - 00:00 | 00:00 - 00:00','00:00 - 00:00 | 00:00 - 00:00','00:00 - 00:00 | 00:00 - 00:00','00:00 - 00:00 | 00:00 - 00:00','00:00 - 00:00 | 00:00 - 00:00','00:00 - 00:00 | 00:00 - 00:00','00:00 - 00:00 | 00:00 - 00:00','attente',67,'contact.numero27@contact.com'),
('2019-04-08','2019-04-14','00:00 - 00:00 | 00:00 - 00:00','00:00 - 00:00 | 00:00 - 00:00','00:00 - 00:00 | 00:00 - 00:00','00:00 - 00:00 | 00:00 - 00:00','00:00 - 00:00 | 00:00 - 00:00','00:00 - 00:00 | 00:00 - 00:00','00:00 - 00:00 | 00:00 - 00:00','attente',67,'contact.numero27@contact.com'),
('2019-04-15','2019-04-21','00:00 - 00:00 | 00:00 - 00:00','00:00 - 00:00 | 00:00 - 00:00','00:00 - 00:00 | 00:00 - 00:00','00:00 - 00:00 | 00:00 - 00:00','00:00 - 00:00 | 00:00 - 00:00','00:00 - 00:00 | 00:00 - 00:00','00:00 - 00:00 | 00:00 - 00:00','attente',67,'contact.numero27@contact.com'),
('2019-04-22','2019-04-28','00:00 - 00:00 | 00:00 - 00:00','00:00 - 00:00 | 00:00 - 00:00','00:00 - 00:00 | 00:00 - 00:00','00:00 - 00:00 | 00:00 - 00:00','00:00 - 00:00 | 00:00 - 00:00','00:00 - 00:00 | 00:00 - 00:00','00:00 - 00:00 | 00:00 - 00:00','attente',67,'contact.numero27@contact.com'),

('2019-04-01','2019-04-07','00:00 - 00:00 | 00:00 - 00:00','00:00 - 00:00 | 00:00 - 00:00','00:00 - 00:00 | 00:00 - 00:00','00:00 - 00:00 | 00:00 - 00:00','00:00 - 00:00 | 00:00 - 00:00','00:00 - 00:00 | 00:00 - 00:00','00:00 - 00:00 | 00:00 - 00:00','attente',68,'contact.numero28@contact.com'),
('2019-04-08','2019-04-14','00:00 - 00:00 | 00:00 - 00:00','00:00 - 00:00 | 00:00 - 00:00','00:00 - 00:00 | 00:00 - 00:00','00:00 - 00:00 | 00:00 - 00:00','00:00 - 00:00 | 00:00 - 00:00','00:00 - 00:00 | 00:00 - 00:00','00:00 - 00:00 | 00:00 - 00:00','attente',68,'contact.numero28@contact.com'),
('2019-04-15','2019-04-21','00:00 - 00:00 | 00:00 - 00:00','00:00 - 00:00 | 00:00 - 00:00','00:00 - 00:00 | 00:00 - 00:00','00:00 - 00:00 | 00:00 - 00:00','00:00 - 00:00 | 00:00 - 00:00','00:00 - 00:00 | 00:00 - 00:00','00:00 - 00:00 | 00:00 - 00:00','attente',68,'contact.numero28@contact.com'),
('2019-04-22','2019-04-28','00:00 - 00:00 | 00:00 - 00:00','00:00 - 00:00 | 00:00 - 00:00','00:00 - 00:00 | 00:00 - 00:00','00:00 - 00:00 | 00:00 - 00:00','00:00 - 00:00 | 00:00 - 00:00','00:00 - 00:00 | 00:00 - 00:00','00:00 - 00:00 | 00:00 - 00:00','attente',68,'contact.numero28@contact.com'),

('2019-04-01','2019-04-07','00:00 - 00:00 | 00:00 - 00:00','00:00 - 00:00 | 00:00 - 00:00','00:00 - 00:00 | 00:00 - 00:00','00:00 - 00:00 | 00:00 - 00:00','00:00 - 00:00 | 00:00 - 00:00','00:00 - 00:00 | 00:00 - 00:00','00:00 - 00:00 | 00:00 - 00:00','attente',69,'contact.numero29@contact.com'),
('2019-04-08','2019-04-14','00:00 - 00:00 | 00:00 - 00:00','00:00 - 00:00 | 00:00 - 00:00','00:00 - 00:00 | 00:00 - 00:00','00:00 - 00:00 | 00:00 - 00:00','00:00 - 00:00 | 00:00 - 00:00','00:00 - 00:00 | 00:00 - 00:00','00:00 - 00:00 | 00:00 - 00:00','attente',69,'contact.numero29@contact.com'),
('2019-04-15','2019-04-21','00:00 - 00:00 | 00:00 - 00:00','00:00 - 00:00 | 00:00 - 00:00','00:00 - 00:00 | 00:00 - 00:00','00:00 - 00:00 | 00:00 - 00:00','00:00 - 00:00 | 00:00 - 00:00','00:00 - 00:00 | 00:00 - 00:00','00:00 - 00:00 | 00:00 - 00:00','attente',69,'contact.numero29@contact.com'),
('2019-04-22','2019-04-28','00:00 - 00:00 | 00:00 - 00:00','00:00 - 00:00 | 00:00 - 00:00','00:00 - 00:00 | 00:00 - 00:00','00:00 - 00:00 | 00:00 - 00:00','00:00 - 00:00 | 00:00 - 00:00','00:00 - 00:00 | 00:00 - 00:00','00:00 - 00:00 | 00:00 - 00:00','attente',69,'contact.numero29@contact.com');